hash,hash_type,source,first_seen,malicious_score,confidence,threat_type,tags,last_updated,enrichment_status
afaebc6cf20f32ea0644f69c511a5da12f3b860f7d13b18500051830337965d7,sha256,malwarebazaar,2025-10-19 15:18:24,32,42,malware,spreader;peexe;64bits,2025-10-19T15:18:24.519666,success
ec3a45882d8734fcff4a0b8654d702c6de8834b6532b821c083c1591a0217826,sha256,malwarebazaar,2025-10-19 15:18:33,22,28,malware,peexe;obfuscated;assembly;detect-debug-environment,2025-10-19T15:18:33.331510,success
c8acbc2e2eaa169ce080d4aa9d58085a458ad8664729d013cadfba75a7057eb0,sha256,malwarebazaar,2025-10-19 15:18:42,16,21,malware,64bits;arm;elf;detect-debug-environment,2025-10-19T15:18:42.095353,success
4cc1d5f1acf67e92ff454ab1c3722b984865b96c9a4324a0fd11277950222532,sha256,malwarebazaar,2025-10-19 15:18:59,21,27,malware,arm;elf;detect-debug-environment,2025-10-19T15:18:59.626298,success
1bc0cbe7fbc0660f6388798800fb43a03a85bde554092d485537eb23c93a8ce2,sha256,malwarebazaar,2025-10-19 15:19:08,12,15,malware,elf,2025-10-19T15:19:08.428387,success
b126b80fa0771967e43be58ab11ffe189da71443c78f95753097685c46b49459,sha256,malwarebazaar,2025-10-19 15:19:26,22,28,malware,arm;spreader;elf;sets-process-name;self-delete,2025-10-19T15:19:26.487500,success
0d2f55cb5ec4a3394a99794a7dca7d7577ae955a26fba3e683a1925946446236,sha256,malwarebazaar,2025-10-19 15:19:35,28,36,malware,elf;arm;sets-process-name;self-delete;detect-debug-environment,2025-10-19T15:19:35.498176,success
a92ef8b0cb7052be02af6f2dee6761bb99c401acef9be1dd8e42fc199c3c9135,sha256,malwarebazaar,2025-10-19 15:19:44,26,34,malware,elf,2025-10-19T15:19:44.324432,success
29d8ac3812c9bb7decfdf376c2e99745e6e3066f9599307cba070875d68df535,sha256,malwarebazaar,2025-10-19 15:19:53,26,34,malware,elf,2025-10-19T15:19:53.106465,success
022ec776cf846fdeaa849250d797aab96a1c9a3c63bd5d6282772c00d635dd74,sha256,malwarebazaar,2025-10-19 15:20:01,26,34,malware,arm;elf;detect-debug-environment,2025-10-19T15:20:01.847290,success
1cac1d75db52dca68f11401508e6ab8ef4d0878891614b0e53e38e652386bd17,sha256,malwarebazaar,2025-10-19 15:20:10,24,31,malware,elf;arm;detect-debug-environment,2025-10-19T15:20:10.604840,success
080b0696b18b3d022e90997ae8da4038d3e64ce234433222672dd01a17923544,sha256,malwarebazaar,2025-10-19 15:20:19,17,22,malware,elf;sets-process-name;self-delete;arm;detect-debug-environment,2025-10-19T15:20:19.421119,success
f2458781df45a0f4c7ff64e16c3a25dbf05e8092e6a02608fb2f989f4be74438,sha256,malwarebazaar,2025-10-19 15:20:28,16,21,malware,upx;detect-debug-environment;arm;elf;sets-process-name,2025-10-19T15:20:28.143493,success
3476b29a7dd5d404974617df2c30666e235a4de83b691314712f22152feec089,sha256,malwarebazaar,2025-10-19 15:20:36,29,38,malware,spreader;elf,2025-10-19T15:20:36.951103,success
8b011411ac3b0f7ee9320cc8cf2f4c05b4aeb73c1b0c5d6b636faa47436785e6,sha256,malwarebazaar,2025-10-19 15:20:45,25,32,malware,elf;corrupted,2025-10-19T15:20:45.787253,success
64b4c53beef88d8f0b825a61401fb0be8c61141ea54ddaf5af92d1efbc25499f,sha256,malwarebazaar,2025-10-19 15:20:54,23,30,malware,upx;elf,2025-10-19T15:20:54.722282,success
3e79dd0c9045d0f46ed3a6d9caea4ad3827e74d55b4e8f1765ac4011a9d8f1eb,sha256,malwarebazaar,2025-10-19 15:21:03,26,34,malware,upx;elf,2025-10-19T15:21:03.443019,success
d2cb3c2ed378169ae3bd96237b353cf4883301cb6d2fa89c8574388e754ebe7f,sha256,malwarebazaar,2025-10-19 15:21:12,27,35,malware,elf,2025-10-19T15:21:12.176085,success
1f238c1c63f56af8ed41693f7eafe0457b2cabc784263117f71af4e94b425f5e,sha256,malwarebazaar,2025-10-19 15:21:20,23,30,malware,elf;arm;upx;detect-debug-environment,2025-10-19T15:21:20.979640,success
bf88159fa8ff67a91fc9bee6e8430aa4d24865cbca5941cf9d181274414573de,sha256,malwarebazaar,2025-10-19 15:21:29,16,21,malware,upx;elf;detect-debug-environment;arm,2025-10-19T15:21:29.747965,success
102dd55433a6be908cbf56f0cb241fc9285628743366b1b11fc43355ae72d6bd,sha256,malwarebazaar,2025-10-19 15:21:38,25,32,malware,self-delete;upx;elf;sets-process-name,2025-10-19T15:21:38.497428,success
29b225ac2cb36e9d86a9857a1db08ede52c92aade442069925904d969bbba049,sha256,malwarebazaar,2025-10-19 15:21:48,12,15,malware,bmp,2025-10-19T15:21:48.000743,success
a5e35b39cdb3795ac3f9000e1710c81982e2a436d482584dd63eab0cc67cec8b,sha256,malwarebazaar,2025-10-19 15:21:56,7,9,suspicious,msi;checks-usb-bus,2025-10-19T15:21:56.788818,success
e53f8d1f26cace96fab6e99ca6ac61b7a1c3992e89067217edc4acf3479893ce,sha256,malwarebazaar,2025-10-19 15:22:05,31,40,malware,overlay;pedll;spreader;detect-debug-environment,2025-10-19T15:22:05.691600,success
a8ae600d922f800e997019b60fe446a5a4d7b126981791963616bb0e3fa470b5,sha256,malwarebazaar,2025-10-19 15:22:23,55,72,malware,invalid-signature;peexe;executes-dropped-file;detect-debug-environment;long-sleeps,2025-10-19T15:22:23.319788,success
745a4eb7f5fa309348f83450a6e64d7b905a2391efa175d0a57889ced1c80c26,sha256,malwarebazaar,2025-10-19 15:22:40,39,51,malware,corrupted;elf,2025-10-19T15:22:40.806585,success
a91130d1a7a8be8c6a4ed9bedf362d00c61b54d0ca9bc4ae3fee15f349e693b5,sha256,malwarebazaar,2025-10-19 15:29:58,35,46,malware,cve-2017-17215;exploit;spreader;elf,2025-10-19T15:29:58.045987,success
49c4e6c0259193a151bc8d26100b5ab8b1bd03e6b6c4442fff0b4520bb929eaa,sha256,malwarebazaar,2025-10-19 15:30:07,39,51,malware,spreader;detect-debug-environment;exploit;elf;sets-process-name,2025-10-19T15:30:07.016101,success
dfe2e932e1f12ccc2a7bddd48bde927f3d36be88ada8014e0cfe8f5705de90b1,sha256,malwarebazaar,2025-10-19 15:30:15,36,47,malware,detect-debug-environment;elf;spreader;arm;sets-process-name,2025-10-19T15:30:15.882494,success
00d1b176984b8f4e4c0c413e0a557bea15ea22ca9ccbc5d844523786809e97f9,sha256,malwarebazaar,2025-10-19 15:30:24,39,51,malware,sets-process-name;elf;spreader;arm;detect-debug-environment,2025-10-19T15:30:24.848684,success
521bd313726d634ec8b806563c959118248beb013e9b6c803062a8fb20d29ed3,sha256,malwarebazaar,2025-10-19 15:30:51,20,26,malware,elf,2025-10-19T15:30:51.247032,success
409e8580fce72b39f54b3324db05693a49167986f3f206df6d535b730a32d829,sha256,malwarebazaar,2025-10-19 15:31:08,1,1,unknown,javascript;calls-wmi;detect-debug-environment;long-sleeps;macro-powershell,2025-10-19T15:31:08.780787,success
3cc02f3bb198e8201804aebf9577b27a2a949cb728b4d78167067ecddab8bbd4,sha256,malwarebazaar,2025-10-19 15:31:17,36,47,malware,spreader;exploit;cve-2017-17215;elf,2025-10-19T15:31:17.509093,success
fc5c154eb0ae981c2f1d9b1011d20d64e6e8b52395091ae80416b5616f213b44,sha256,malwarebazaar,2025-10-19 15:31:26,35,46,malware,elf;arm;detect-debug-environment;spreader,2025-10-19T15:31:26.265525,success
817b33d14641a3fb6a8e94adae066e0721bcfe9d7ab14f443fffd7068321e97a,sha256,malwarebazaar,2025-10-19 15:31:43,32,42,malware,elf,2025-10-19T15:31:43.987603,success
61d654d171cda36f9cacac1eb247345b502eefe57bf2bc4e8cc3f26cc84995b3,sha256,malwarebazaar,2025-10-19 15:31:52,12,15,malware,arm;elf;detect-debug-environment,2025-10-19T15:31:52.720672,success
8b83c1b2300c6c31789e68f9ca7d6cb09ef13c60e255ca08e54da9f6bab59003,sha256,malwarebazaar,2025-10-19 15:32:10,27,35,malware,elf,2025-10-19T15:32:10.416158,success
4f1b3cd9cd6f0eb35a2c2d146fe476e606db0df7f327e9a6d70443ddd713779a,sha256,malwarebazaar,2025-10-19 15:32:19,40,52,malware,detect-debug-environment;elf;arm;spreader,2025-10-19T15:32:19.147171,success
48faed87423764726e02f5428e32a0e1f735fa4ff3e484823f51d5775b463084,sha256,malwarebazaar,2025-10-19 15:32:28,43,56,malware,peexe;overlay;malware;calls-wmi;detect-debug-environment,2025-10-19T15:32:28.044285,success
c2ceec4fe76b153515be26f359e2827e9a991d90a9172a723fd59c2c04651cf1,sha256,malwarebazaar,2025-10-19 15:32:36,36,47,malware,corrupted;elf;cve-2017-17215;exploit,2025-10-19T15:32:36.811646,success
6a69afabccc7f9ed4623fceffa8e1aa51ca1d066ca8f21e55fb42d052acd3d8b,sha256,malwarebazaar,2025-10-19 15:32:45,18,23,malware,shell,2025-10-19T15:32:45.538834,success
5b09ee575370f84317cdeeb18cd5471855595bb41c7d1ebca63389de0684d250,sha256,malwarebazaar,2025-10-19 15:32:54,22,28,malware,shell,2025-10-19T15:32:54.284125,success
9541d947e469f5fe7e7077e3c52f8bfdd1ba510555b0919d2c8548dfca7f5ed1,sha256,malwarebazaar,2025-10-19 15:33:03,15,19,malware,shell,2025-10-19T15:33:03.321953,success
fbefec4dc56826a5d0c60c4f193eb7527a6ecba4e966df6e7b6ec9e6c5bf2a91,sha256,malwarebazaar,2025-10-19 15:33:12,30,39,malware,arm;spreader;elf;detect-debug-environment,2025-10-19T15:33:12.068967,success
488715dc7348f14b0da26d9e58c3f4076dad9ded1055db547be774f7952a3039,sha256,malwarebazaar,2025-10-19 15:33:20,38,50,malware,corrupted;elf,2025-10-19T15:33:20.851133,success
f46112fdcfc8c3c104d80d313b8ec2ce1fa393d6ab98ec09d5c36e328b616801,sha256,malwarebazaar,2025-10-19 15:33:29,36,47,malware,spreader;elf,2025-10-19T15:33:29.567603,success
485c04fa40e2a9bf5c53d3ef2d2f6b75a09d60d8e07311b8e21a6552355e9725,sha256,malwarebazaar,2025-10-19 15:33:38,41,53,malware,arm;elf;sets-process-name;detect-debug-environment;spreader,2025-10-19T15:33:38.416047,success
d01a2fb66e6de2d079865445e106535c7522dfc1c406de70423221941f2c1793,sha256,malwarebazaar,2025-10-19 15:38:55,27,35,malware,spreader;peexe;detect-debug-environment;persistence;malware,2025-10-19T15:38:55.432727,success
2edd6ecc3bebff6fcbb0841c98eb371de91b9a4b353974e4bc3ef2614045dce7,sha256,malwarebazaar,2025-10-19 15:40:32,38,50,malware,detect-debug-environment;elf;arm;sets-process-name,2025-10-19T15:40:32.840583,success
4b73699b07c1437b42a24a2319e40249d4e0c54b24a5a08211db8be978eced2c,sha256,malwarebazaar,2025-10-19 15:40:41,37,48,malware,elf;spreader,2025-10-19T15:40:41.641130,success
db9a66d0225b1f4c133c8d7f640a92ab1d798a9d83c5f75b08d1e48de6cb5471,sha256,malwarebazaar,2025-10-19 15:40:50,7,9,suspicious,rar,2025-10-19T15:40:50.446111,success
67ae0b373f59884b0593ac6ed694de9f9c293e4f36a65bffeb95b34a4e190a58,sha256,malwarebazaar,2025-10-19 15:40:59,41,53,malware,spreader;elf;sets-process-name,2025-10-19T15:40:59.400219,success
1c5f70b608dffa32ec18c1382ba0ddb03daea63c5ff78e9ab9c29ac2972069a2,sha256,malwarebazaar,2025-10-19 15:41:08,40,52,malware,spreader;elf,2025-10-19T15:41:08.141864,success
60d915bba071bf732e60dd97422c9f47c4a6a3a4e27b15cdc74541b29fea32ea,sha256,malwarebazaar,2025-10-19 15:41:16,38,50,malware,spreader;elf,2025-10-19T15:41:16.908526,success
28b09eb07efe8cef6f665291820585e082fc1d5ca400037b2348443c0ea70763,sha256,malwarebazaar,2025-10-19 15:41:25,35,46,malware,arm;sets-process-name;elf;detect-debug-environment;spreader,2025-10-19T15:41:25.916092,success
d3405ace4b88d4db1c4e3eed861aef9ec5269b97383b1f638df3b6ccf5b43eeb,sha256,malwarebazaar,2025-10-19 15:41:34,36,47,malware,detect-debug-environment;spreader;peexe;long-sleeps;64bits,2025-10-19T15:41:34.683390,success
0ef90ba267635941f0dd3b187ff011d59bd73a7d6d78f44a9332b770773b85f2,sha256,malwarebazaar,2025-10-19 15:41:43,38,50,malware,peexe;64bits,2025-10-19T15:41:43.414906,success
8a927bcb779dc1d3bdeaf95d39f9c5802e2d649de1577c60adb786f64e888a54,sha256,malwarebazaar,2025-10-19 15:41:52,25,32,malware,spreader;64bits;peexe,2025-10-19T15:41:52.182323,success
5b36eb63f4519ec3b39981b1e9b5ad10be9ecba8a09b86e87ab41a9a701b9511,sha256,malwarebazaar,2025-10-19 15:42:01,41,53,malware,signed;persistence;invalid-signature;peexe;revoked-cert,2025-10-19T15:42:01.054761,success
3cd23700805afcbbddfcc1b50093e8012528d35a799bf12dec0188ce30b7fb22,sha256,malwarebazaar,2025-10-19 15:42:09,7,9,suspicious,64bits;idle;overlay;peexe,2025-10-19T15:42:09.800141,success
0adc451cc0691b1e3d8a0d05bfd5334d41f19cd7c54dd1d02c40592cdace4f45,sha256,malwarebazaar,2025-10-19 15:42:18,44,57,malware,overlay;64bits;peexe;spreader;malware,2025-10-19T15:42:18.609267,success
fbe1211fd0df525e49cc2effadab484603bac9b250fb8fef8eb4d1655e56b65f,sha256,malwarebazaar,2025-10-19 15:42:27,39,51,malware,invalid-signature;corrupt;64bits;spreader;peexe,2025-10-19T15:42:27.362406,success
19a81aee36bcfcc5f9bb3401529458bbe8ea88a8478291ce2300058f4cb64a00,sha256,malwarebazaar,2025-10-19 15:42:36,1,1,unknown,arm;64bits;peexe;overlay,2025-10-19T15:42:36.245043,success
83b0f1bac36856cfd230d5f3638860e2cf8d475b9911105a9267e593c7a765b1,sha256,malwarebazaar,2025-10-19 15:42:45,10,13,malware,shell;sets-process-name;detect-debug-environment;malware,2025-10-19T15:42:45.023537,success
78fa4293b7004d035265bd615b0c4676255ccf4e6e579984c0bb47cb28b1524d,sha256,malwarebazaar,2025-10-19 15:42:53,42,55,malware,64bits;overlay;spreader;peexe,2025-10-19T15:42:53.897849,success
484e3e7f6b4600b085b102f84fd3c4eaf458398e0776f47403ea59e62da4b42e,sha256,malwarebazaar,2025-10-19 15:43:02,31,40,malware,64bits;checks-cpu-name;peexe;detect-debug-environment;long-sleeps,2025-10-19T15:43:02.648483,success
a613fb7bf175b3f4706552753cec3dc5d9b26a43ed923f254ed2abd361652959,sha256,malwarebazaar,2025-10-19 15:49:47,41,53,malware,spreader;peexe;64bits;detect-debug-environment,2025-10-19T15:49:47.552626,success
4a4f79286b9e850bbff6d5c6a7a3ef5b382f241791ade08296d4ee294bda0bb9,sha256,malwarebazaar,2025-10-19 15:49:56,20,26,malware,invalid-signature;checks-disk-space;64bits;signed;overlay,2025-10-19T15:49:56.835508,success
5b84952f4ef01bea523f68b71e5798604ab28a121e657993fd8cb8c721cb292d,sha256,malwarebazaar,2025-10-19 15:50:06,39,51,malware,elf;spreader,2025-10-19T15:50:06.400819,success
cd8020249e6e52bc13433b2a3da0028244afe2fc2e95650c10fb559aa7bbd7e2,sha256,malwarebazaar,2025-10-19 15:50:15,42,55,malware,long-sleeps;persistence;peexe;64bits;detect-debug-environment,2025-10-19T15:50:15.414233,success
4e3e6620b8bfc97b2b3ccbf1ec9fed30f53293177c8366b5b74b842a9ac0928c,sha256,malwarebazaar,2025-10-19 15:50:24,6,7,suspicious,detect-debug-environment;long-sleeps;assembly;peexe,2025-10-19T15:50:24.260494,success
683d56368aa01c03d0a7d252e09cec125ca3a2eff6955b0b6df2ad2696c4ea77,sha256,malwarebazaar,2025-10-19 15:50:33,30,39,malware,elf,2025-10-19T15:50:33.131064,success
c13e46bb26088adf920ba4108efd64453febec6dbf2d634806b36cb9ae0b8a9a,sha256,malwarebazaar,2025-10-19 15:50:41,49,64,malware,long-sleeps;peexe;assembly;spreader;detect-debug-environment,2025-10-19T15:50:41.921304,success
262c9f2d04e3f0321b6a3d6f0695abd34213259de13a5b977d09b5f50d65ccbe,sha256,malwarebazaar,2025-10-19 15:50:51,46,60,malware,bobsoft;executes-dropped-file;peexe;calls-wmi;persistence,2025-10-19T15:50:51.636359,success
f82213affe81158bcce50557a5668d7938db2b597c630dbc778d816963135223,sha256,malwarebazaar,2025-10-19 15:51:00,46,60,malware,peexe;assembly;calls-wmi;malware;detect-debug-environment,2025-10-19T15:51:00.420716,success
efffbda36edcb7d4130f65a57d3966e7694172fb5db37ce48f27849d239066c7,sha256,malwarebazaar,2025-10-19 15:51:09,57,75,malware,assembly;peexe;payload;calls-wmi;spreader,2025-10-19T15:51:09.333158,success
f9e246df44321e2e90437be3ee8d3db1b0bb24340e770dbbc8dbdaf75153df35,sha256,malwarebazaar,2025-10-19 15:51:18,21,27,malware,shell;checks-hostname,2025-10-19T15:51:18.576253,success
4e4f7179c72a367bbcece549e1ab6781d6cd1d6fb67dbad7ea0c1c570e88e0c9,sha256,malwarebazaar,2025-10-19 15:51:27,15,19,malware,elf;arm;detect-debug-environment;sets-process-name;cve-2021-35394,2025-10-19T15:51:27.413992,success
58bfa3720639c8e2a31e1e17b8d9ed710725bc1990bc5c654e64f282b7f33eaa,sha256,malwarebazaar,2025-10-19 15:51:36,66,86,malware,payload;peexe;assembly;malware,2025-10-19T15:51:36.247159,success
4483040c75a4016e29aace491ba41dddd682ee1edc1c5d11d5b85ec15d5ce211,sha256,malwarebazaar,2025-10-19 15:51:45,45,59,malware,elf;spreader,2025-10-19T15:51:45.066717,success
9e195463aa88ff44e3a53cd045270c00c784c9227a0197f174837610017fded6,sha256,malwarebazaar,2025-10-19 15:51:53,44,57,malware,arm;sets-process-name;detect-debug-environment;spreader;elf,2025-10-19T15:51:53.814265,success
bae874004b4da5215e1f33475414de6d1062df58baed2b539650abce4773c019,sha256,malwarebazaar,2025-10-19 15:52:28,33,43,malware,elf;spreader,2025-10-19T15:52:28.928964,success
c075d4aeea6109ac257a2cab231deca90c869ca2a35860b98d5889a98549b518,sha256,malwarebazaar,2025-10-19 16:09:59,7,9,suspicious,shell,2025-10-19T16:09:59.602591,success
4eb9804a8558edab914ee49e62c0335b6bb77df7c2c0e7bcae1d69aa15180e6c,sha256,malwarebazaar,2025-10-19 16:10:08,54,71,malware,peexe;assembly;spreader;detect-debug-environment;long-sleeps,2025-10-19T16:10:08.412721,success
0c9c6612373684147987c0873fa2f68dbdfb43e9e1f551e1d661711c9772ebda,sha256,malwarebazaar,2025-10-19 16:12:21,37,48,malware,spreader;sets-process-name;elf,2025-10-19T16:12:21.228669,success
7498784437d89e1ec070056c32df6bdbea575f0c3670d57ea7b256c4f0dc2807,sha256,malwarebazaar,2025-10-19 16:12:30,37,48,malware,detect-debug-environment;spreader;arm;sets-process-name;elf,2025-10-19T16:12:30.124555,success
c411f481563dd48db8a218e063da6477062a9cb628d50c666009ad9040dfde21,sha256,malwarebazaar,2025-10-19 16:12:38,65,85,malware,spreader;overlay;peexe;assembly;persistence,2025-10-19T16:12:38.955568,success
991b283009cf7577e1d2d8e145d658975597f2b279c0def8e875e4aa9c53415b,sha256,malwarebazaar,2025-10-19 16:12:47,37,48,malware,spreader;elf,2025-10-19T16:12:47.717157,success
1cfd4c1c1cd6ad26f8b1cce7fad5e7aa97156ec03906ab8195e300abdc0a6646,sha256,malwarebazaar,2025-10-19 16:12:57,34,44,malware,spreader;elf,2025-10-19T16:12:57.015524,success
1dd7fcb72f020d731c73b38a3cfb4a6fd08444761ff946455f3591148bab2243,sha256,malwarebazaar,2025-10-19 16:13:05,17,22,malware,elf,2025-10-19T16:13:05.815611,success
a3ddb3b0e38f7d7eb1e042fc447e19fea6ce2693a97b334f6df6c7788ca1fa9c,sha256,malwarebazaar,2025-10-19 16:13:23,44,57,malware,detect-debug-environment;elf;arm,2025-10-19T16:13:23.609637,success
9b45480c5c7145423b92af7f8f43889a93eee2ee3ee47f4953038c3d26f0cda9,sha256,malwarebazaar,2025-10-19 16:13:32,45,59,malware,arm;elf;detect-debug-environment,2025-10-19T16:13:32.513148,success
1565b1d1021e463b4405a5a73408f52039651c0b8ff17a6ded591aad2012e5ef,sha256,malwarebazaar,2025-10-19 16:13:41,34,44,malware,elf;upx;detect-debug-environment;spreader,2025-10-19T16:13:41.522899,success
cb3f1e28961b211d3afae168c490e98704f3b3b9243f28222148b178c362a8f5,sha256,malwarebazaar,2025-10-19 16:13:50,36,47,malware,elf;arm;detect-debug-environment;upx;spreader,2025-10-19T16:13:50.292487,success
18f222e2edf9f9a9299116fb950de900d9c2d84b5935b16721442a0efb39b6a8,sha256,malwarebazaar,2025-10-19 16:13:59,11,14,malware,service-scan;long-sleeps;detect-debug-environment;shell;self-delete,2025-10-19T16:13:59.139274,success
605f50cb8a73d9cc98c680595f3dfb7b022bb66264a3f1e50b20ec75809143ac,sha256,malwarebazaar,2025-10-19 16:14:07,43,56,malware,corrupted;elf,2025-10-19T16:14:07.833702,success
0ea3d1eacdd95d69cd3521756f06809313270d48d1a94e3b3b1e143f5325f818,sha256,malwarebazaar,2025-10-19 16:14:16,39,51,malware,spreader;elf;upx,2025-10-19T16:14:16.573490,success
aaa600bfcc653cd71aab651ef7146c315931bf9314ece8a4b234dfb445ebb7af,sha256,malwarebazaar,2025-10-19 16:21:37,37,48,malware,arm;upx;elf;detect-debug-environment,2025-10-19T16:21:37.784202,success
4a39cdbca98e3fc773ed44303828f250899874260dbd6f20f4deeca32c78e39f,sha256,malwarebazaar,2025-10-19 16:21:46,62,81,malware,peexe;spreader;64bits;malware,2025-10-19T16:21:46.628906,success
18e7a7d938cd67a89b75a75c2513938d096d2845e6aaa39e22435ece20937392,sha256,malwarebazaar,2025-10-19 16:21:55,34,44,malware,elf;spreader,2025-10-19T16:21:55.378079,success
ba90f5d41260b972f3dd647681c15914aaa8d9861efa40f8f302306c0ef07d14,sha256,malwarebazaar,2025-10-19 16:22:04,16,21,malware,64bits;shared-lib;elf,2025-10-19T16:22:04.972658,success
a674b39c7e7ff1ec3e4fe6913e10765cf72827504293bee12dfae0a30a4d28a5,sha256,malwarebazaar,2025-10-19 16:22:13,26,34,malware,detect-debug-environment;elf;sets-process-name;arm;malware,2025-10-19T16:22:13.730139,success
8e975bb6a87e49e659e810965d7e5e4bb747b9e31e74b2d2e9c12c282423afcc,sha256,malwarebazaar,2025-10-19 16:22:22,34,44,malware,elf;spreader,2025-10-19T16:22:22.584791,success
bf307c1d315e2c91ef8f665c1c6aeee54f7c811a72dc0efcc10b9bb8290fb9fe,sha256,malwarebazaar,2025-10-19 16:22:31,32,42,malware,corrupted;elf,2025-10-19T16:22:31.349354,success
c84560c6cf904bbb0d3392a1bae7c61f81aae156521cd1da6f4cb94a766beb4d,sha256,malwarebazaar,2025-10-19 16:22:40,38,50,malware,arm;detect-debug-environment;spreader;sets-process-name;elf,2025-10-19T16:22:40.421162,success
ce3e34306040d0dcf1fbad71c98d6928d792f7a75c2932ab2451a448ffc86ddb,sha256,malwarebazaar,2025-10-19 16:22:49,27,35,malware,detect-debug-environment;arm;spreader;elf,2025-10-19T16:22:49.721456,success
41064a0bbe1598841c0892530a4f3f83e83fa9d79d4395959dd733a7d4983b33,sha256,malwarebazaar,2025-10-19 16:22:58,34,44,malware,arm;elf;detect-debug-environment;sets-process-name;spreader,2025-10-19T16:22:58.642977,success
abcbf44e7547866b6f2fddd6dca1ac7bc32367c8d9e4f84106944fb48435d671,sha256,malwarebazaar,2025-10-19 16:23:07,11,14,malware,shell,2025-10-19T16:23:07.694576,success
51d049211a2f50987b867b27e5b9fbeeb7e201cb58ec259cfef167ce6e1c50b7,sha256,malwarebazaar,2025-10-19 16:23:16,30,39,malware,shell;checks-hostname;sets-process-name;detect-debug-environment;sudo,2025-10-19T16:23:16.868132,success
3b67bfa38c504a78eb7f0c117d362e2200bb6d24095dd0948aef3def3d0b4c28,sha256,malwarebazaar,2025-10-19 16:23:25,43,56,malware,elf,2025-10-19T16:23:25.698449,success
80f168ced4f0fe35218f021b585fbba8c87aab4916f2f34763480d05c2b1ed4f,sha256,malwarebazaar,2025-10-19 16:23:34,37,48,malware,arm;elf;detect-debug-environment,2025-10-19T16:23:34.782514,success
fae944196107b430d29adcba9bad39a106609e82722723b4d12af75cb32b4861,sha256,malwarebazaar,2025-10-19 16:23:43,42,55,malware,detect-debug-environment;arm;elf,2025-10-19T16:23:43.590185,success
65b811c3795a05c511d8b9dcb868443d27f630b55b7e5ea73140b13fff98117e,sha256,malwarebazaar,2025-10-19 16:31:03,43,56,malware,elf,2025-10-19T16:31:03.441681,success
571ec1481f6057dfbc2f5cb8f36327724729a890f838a112cdc3ae0719230908,sha256,malwarebazaar,2025-10-19 16:31:12,42,55,malware,detect-debug-environment;arm;elf,2025-10-19T16:31:12.176966,success
5e642429426b66367bd4edb3c025934f7e02d265cb4b019b776f8d81d9781313,sha256,malwarebazaar,2025-10-19 16:31:20,42,55,malware,spreader;elf,2025-10-19T16:31:20.925542,success
b876369791cf889b7c040c7c99864e0f831e27555ba42a669400ced024db87b9,sha256,malwarebazaar,2025-10-19 16:31:29,40,52,malware,elf,2025-10-19T16:31:29.684062,success
cb5f9db705ddbb320a651a005fa444be5769083f530f36b12b1f0fcf364c2529,sha256,malwarebazaar,2025-10-19 16:31:38,32,42,malware,self-delete;64bits;elf;sets-process-name;spreader,2025-10-19T16:31:38.478714,success
0230f86c0cd08b421e70228354560512df7433acbb281a71fa0a27415edd4b93,sha256,malwarebazaar,2025-10-19 16:31:47,42,55,malware,detect-debug-environment;arm;elf,2025-10-19T16:31:47.504318,success
650f64a7a096e9b30031452deeccf30c168be9ad3836f23024701de962793205,sha256,malwarebazaar,2025-10-19 16:31:56,42,55,malware,corrupted;elf,2025-10-19T16:31:56.229408,success
7096ae257e4aa57e26bce1482d35d1755a7a5b6fb6c2b20d973000f943c54eab,sha256,malwarebazaar,2025-10-19 16:32:05,43,56,malware,self-delete;elf;sets-process-name,2025-10-19T16:32:05.076208,success
d3f967529bbb788147ccc894f3b4b55e287ca6b7b964d34e3308cab70d05f64b,sha256,malwarebazaar,2025-10-19 16:32:13,56,73,malware,peexe;payload;assembly,2025-10-19T16:32:13.892120,success
691c7411c7a9e418e81f51c34e323735bcc12dd8c21c7a58ee149b588f3d621b,sha256,malwarebazaar,2025-10-19 16:32:23,32,42,malware,peexe;64bits;spreader;signed;overlay,2025-10-19T16:32:23.409989,success
8ccea06cdc1f3cdcfdd0a9fa2b01316d7d42422b84bfa5422feab22a87feb477,sha256,malwarebazaar,2025-10-19 16:32:32,58,76,malware,assembly;obfuscated;detect-debug-environment;peexe;malware,2025-10-19T16:32:32.204720,success
1a053a8f790222c41eb10a70dc462805f6b0e2a60c86b8242762a5e437430956,sha256,malwarebazaar,2025-10-19 16:32:40,29,38,malware,elf;malware;detect-debug-environment;sets-process-name,2025-10-19T16:32:40.984158,success
f46daa3e7f1ef8a81dba4c5c85dabea82c085cf426ec77919bc586b8ac21fdd7,sha256,malwarebazaar,2025-10-19 16:32:49,36,47,malware,spreader;elf,2025-10-19T16:32:49.814776,success
ba44c3267db8f0495e6d6894aa2c6971fa95c8c9f03d97b6a6e1030c8df10683,sha256,malwarebazaar,2025-10-19 16:32:58,12,15,malware,service-scan;detect-debug-environment;sets-process-name;upx;elf,2025-10-19T16:32:58.597822,success
58011f07e8cbc65057d074a14d5027a93acb78fdccf0c490f2342eaa6f8ca74b,sha256,malwarebazaar,2025-10-19 16:40:36,25,32,malware,elf,2025-10-19T16:40:36.280113,success
f9b2c7320c14f754139e24f837d31490b140564f3f70b8053a5ff618bf21b97e,sha256,malwarebazaar,2025-10-19 16:40:45,37,48,malware,elf;spreader;sets-process-name,2025-10-19T16:40:45.117448,success
217b761e4a81ddff80dcd0dbd573bff6cf22ebd8ccefdffbfc4983dc75aefd08,sha256,malwarebazaar,2025-10-19 16:40:53,36,47,malware,overlay;64bits;idle;detect-debug-environment;pedll,2025-10-19T16:40:53.934917,success
dd0fa1174dd2137c8fa360892dcd94b7ab75616887ded098131ca14e37407c63,sha256,malwarebazaar,2025-10-19 16:41:02,45,59,malware,elf;spreader;arm;detect-debug-environment,2025-10-19T16:41:02.808560,success
f61c058a39f5de57b5c1b5c5ddcd3a12bd24d855f9e9e2e38fad6c605d8ff8b9,sha256,malwarebazaar,2025-10-19 16:41:11,39,51,malware,arm;elf;upx,2025-10-19T16:41:11.609696,success
5ec1ecce4e59bee778a76d9fe73c2b1a7c8531d056257da9d632f8ff123a577a,sha256,malwarebazaar,2025-10-19 16:41:20,16,21,malware,elf,2025-10-19T16:41:20.429572,success
87928558390d6b27693000ba9175f5c3fc2a9997e5abec0214eb9c57abab4c3d,sha256,malwarebazaar,2025-10-19 16:41:29,21,27,malware,spreader;elf,2025-10-19T16:41:29.162671,success
79033defba906d2a60140c21f178c52b5b7bcecfcc49cb54ede110118a7a6c06,sha256,malwarebazaar,2025-10-19 16:41:37,27,35,malware,detect-debug-environment;arm;malware;sets-process-name;elf,2025-10-19T16:41:37.907150,success
76d04adae4c3745c6b059e1ce15e58b253257234b9d34ac259f71a7d7259d276,sha256,malwarebazaar,2025-10-19 16:41:46,52,68,malware,assembly;malware;spreader;peexe;detect-debug-environment,2025-10-19T16:41:46.799136,success
c8f5d1383cb5d8ba44ab05246bc22208943612b6e01977e5be2f09a458ce6cf6,sha256,malwarebazaar,2025-10-19 16:41:55,19,25,malware,elf;corrupted,2025-10-19T16:41:55.865763,success
30da7392cbfdd5c6a52bcc97587f43292be2a166558800552c83ecbbabc8843d,sha256,malwarebazaar,2025-10-19 16:42:04,30,39,malware,elf;detect-debug-environment;arm;spreader,2025-10-19T16:42:04.626240,success
0c44df886dcb0daf992e577fd939d4cf205dcae6bfb8892f307dabd353c63ae1,sha256,malwarebazaar,2025-10-19 16:42:13,34,44,malware,corrupted;elf,2025-10-19T16:42:13.399924,success
65c2fd86d21ed67ea615fc1df3192c69628da7693127529fdc4adb5cde6322b5,sha256,malwarebazaar,2025-10-19 16:42:22,24,31,malware,shell,2025-10-19T16:42:22.187218,success
389a85fe2b5f2d4db83b886d161b7c18629c42c32f28a5e0cf0520fbbe0958f4,sha256,malwarebazaar,2025-10-19 16:42:31,22,28,malware,shell,2025-10-19T16:42:31.089363,success
1daeded36693d6867c415808aa2b99fe62f29ed404063f6ef6d2a1c8119d4257,sha256,malwarebazaar,2025-10-19 16:50:00,19,25,malware,detect-debug-environment;cve-2017-17215;exploit;elf;upx,2025-10-19T16:50:00.829547,success
26224744edbc52c4642c4f46546e065bb4cb099244b702743b144faecb662f22,sha256,malwarebazaar,2025-10-19 16:50:09,37,48,malware,upx;elf,2025-10-19T16:50:09.548109,success
1f526cdfd0deb389802d7171ed6f34706df909ee4e99237954faa28696550449,sha256,malwarebazaar,2025-10-19 16:50:18,20,26,malware,cve-2017-17215;exploit;arm;detect-debug-environment;upx,2025-10-19T16:50:18.328796,success
d10f5fd9a2eeee7627a8e082e1c03211d5333bcf7e6b457ca2a78816c4bfbdec,sha256,malwarebazaar,2025-10-19 16:50:27,15,19,malware,upx;elf;service-scan;sets-process-name;detect-debug-environment,2025-10-19T16:50:27.067586,success
d35f88dce5dcd7a1a10c05c2feba1cf478bdb8a65144f788112542949c36dd87,sha256,malwarebazaar,2025-10-19 16:50:35,4,5,unknown,run-dll;vba;run-file;long-sleeps;macro-powershell,2025-10-19T16:50:35.913062,success
eb1849c6c92766ae8f1353451afbf6f4623384fb63593f42f70b09b7e8ad6cd4,sha256,malwarebazaar,2025-10-19 16:50:44,30,39,malware,elf;arm;detect-debug-environment;malware;sets-process-name,2025-10-19T16:50:44.651082,success
ac0ea1bec62ff284b78817402fda9168abf6171bdea078f812c24fb22bfcd311,sha256,malwarebazaar,2025-10-19 16:50:53,50,65,malware,assembly;peexe;detect-debug-environment;obfuscated;persistence,2025-10-19T16:50:53.385045,success
09a8c9e56877681cb1895775dbb2336ae23e8c3754676d37baf913cdb67d15e8,sha256,malwarebazaar,2025-10-19 16:51:02,16,21,malware,exploit;elf;arm;detect-debug-environment;cve-2017-17215,2025-10-19T16:51:02.209707,success
47cb1f70f6f343c81072a098acec8a57c5093f29dff1d14f0cbf9d4986fd11c2,sha256,malwarebazaar,2025-10-19 16:51:10,11,14,malware,elf;upx;exploit;cve-2017-17215,2025-10-19T16:51:10.958246,success
765bbb9f841c58f089da4743f38ab9a989a6e4545307b4f4d1966b1ebb8b928f,sha256,malwarebazaar,2025-10-19 16:51:19,46,60,malware,elf,2025-10-19T16:51:19.723319,success
5d121ebf3645e2c8e427b71b22b9ec7f32b05e88a0239d99dbfce2925557c9a9,sha256,malwarebazaar,2025-10-19 16:51:28,37,48,malware,elf;upx,2025-10-19T16:51:28.497644,success
0c8ab849b377c0a0e0daada3f6ab295e712e195cf1b50dfb49edb35400813a40,sha256,malwarebazaar,2025-10-19 16:51:37,9,11,suspicious,elf;exploit;cve-2017-17215;upx,2025-10-19T16:51:37.283090,success
acddc713bcbf04c4649906b24c93fb0009950cd046fde90d7e69dd75ab24c25f,sha256,malwarebazaar,2025-10-19 16:51:46,45,59,malware,spreader;elf,2025-10-19T16:51:46.078709,success
b343c8aa5db8b51ea2f45f1bd20363ce27c52af6eedf2781c1eabddbd9c23e43,sha256,malwarebazaar,2025-10-19 16:51:55,36,47,malware,spreader;upx;elf,2025-10-19T16:51:55.162053,success
5f33be4d89ee1bc471c9c69d81d2bcf3aebedd8ede861d431e795d8909833d96,sha256,malwarebazaar,2025-10-19 16:57:38,21,27,malware,arm;elf;detect-debug-environment,2025-10-19T16:57:38.719120,success
46fe853bae524c36309b41fd7fce4f84c9364878aae916c2493f0bd5049e2884,sha256,malwarebazaar,2025-10-19 16:59:24,15,19,malware,upx;elf;cve-2017-17215;exploit,2025-10-19T16:59:24.498687,success
6f9ac4ba7514e5f70f75954d7863821531d3aa44148e9275f7012804121b28be,sha256,malwarebazaar,2025-10-19 16:59:33,41,53,malware,elf;detect-debug-environment;arm,2025-10-19T16:59:33.270724,success
0ca943f0587d359ad604107b78802b97bd897f7f5010f5cc2458118b9c046632,sha256,malwarebazaar,2025-10-19 16:59:50,49,64,malware,spreader;64bits;peexe;detect-debug-environment,2025-10-19T16:59:50.714031,success
7a265184b5c9190604f0e8e96584b19208dc9feb6c6cca45eea82852f626a36c,sha256,malwarebazaar,2025-10-19 17:00:08,39,51,malware,invalid-signature;assembly;signed;peexe;calls-wmi,2025-10-19T17:00:08.369385,success
d063f19258ea8d0055437c84dd1a5b5b77abb5868bfca7bd37b9ea08c12d1592,sha256,malwarebazaar,2025-10-19 17:00:17,34,44,malware,detect-debug-environment;arm;elf;sets-process-name,2025-10-19T17:00:17.213996,success
a4e4d40b0f993cdaf90578667c28489ed5ba27c33413b9845f8a6e789193ddc9,sha256,malwarebazaar,2025-10-19 17:00:25,32,42,malware,elf,2025-10-19T17:00:25.943960,success
230060b5542270b9bdce92e3bb99683c5acdb76df215b8590417d1b6fb4d91db,sha256,malwarebazaar,2025-10-19 17:00:34,27,35,malware,sets-process-name;spreader;detect-debug-environment;arm;elf,2025-10-19T17:00:34.768284,success
f01f99febc89736fd63808caf24180deb880f8dc7317e49f79637b6002002087,sha256,malwarebazaar,2025-10-19 17:00:43,33,43,malware,elf;detect-debug-environment;arm,2025-10-19T17:00:43.527918,success
57173b36c50a98adca5e87a05d010fa5813ae8095a8f330ddf3f7f22f2fbae13,sha256,malwarebazaar,2025-10-19 17:00:52,37,48,malware,elf,2025-10-19T17:00:52.342003,success
f933272a7b87fb087f574876d825633928548e7e7c7757a7c32d9c6c928c4255,sha256,malwarebazaar,2025-10-19 17:01:01,37,48,malware,arm;detect-debug-environment;elf,2025-10-19T17:01:01.090748,success
605ba91d39c71011df8a1329067a1338ce1b082d89fb894cb916b284f04ad7c2,sha256,malwarebazaar,2025-10-19 17:01:09,37,48,malware,elf,2025-10-19T17:01:09.875367,success
06c6362b5abfcdc511e19698ab4307f065e0f0fdc8b1e85b65fea85b5423af6b,sha256,malwarebazaar,2025-10-19 17:01:18,38,50,malware,arm;elf;detect-debug-environment,2025-10-19T17:01:18.783857,success
73effb28b9ee5f1cbbe304c5118ee0ef98da5f500ac82d2f0a991d10ade695e1,sha256,malwarebazaar,2025-10-19 17:08:56,36,47,malware,arm;elf;detect-debug-environment,2025-10-19T17:08:56.606335,success
d2b86836ce9fc477699550a334e796cbebc571cc256d224f97de815bf15bd9fb,sha256,malwarebazaar,2025-10-19 17:09:05,37,48,malware,elf;detect-debug-environment;arm,2025-10-19T17:09:05.455802,success
f7086dfb59a7a5a0277d1ee2f37eeb59414b06995305cf396e83d4590708a998,sha256,malwarebazaar,2025-10-19 17:09:14,27,35,malware,elf;arm;detect-debug-environment,2025-10-19T17:09:14.264906,success
ce1a5e29cb649ba96796050df81038a6922e290ed05cde6afeb335c21241a0fc,sha256,malwarebazaar,2025-10-19 17:09:23,34,44,malware,elf,2025-10-19T17:09:23.032398,success
6fbcbb5f91c8f5cc5084121fdd7902e9e9a2d33fde06301b43091408a17cf247,sha256,malwarebazaar,2025-10-19 17:09:31,31,40,malware,elf;spreader,2025-10-19T17:09:31.771143,success
9bcf1799b810b3bdea4d4278f0e9b5f7d117568fa188129f1959da83d899ba29,sha256,malwarebazaar,2025-10-19 17:09:40,27,35,malware,arm;detect-debug-environment;upx;elf;sets-process-name,2025-10-19T17:09:40.564637,success
96f066c1ea6b3d171b292491a19b2007077385fe73d03456ac3a0f9b315a1818,sha256,malwarebazaar,2025-10-19 17:09:49,33,43,malware,upx;elf,2025-10-19T17:09:49.467147,success
599c0a0e4c6fcfd39bc64bc6eaebf11987091079dd344e3d7147cad5dde8323f,sha256,malwarebazaar,2025-10-19 17:09:58,33,43,malware,elf;corrupted,2025-10-19T17:09:58.696610,success
d4af891ca97c346a8969ea7159595f12826968ca4a0f9cf685c0c85b048c0fb4,sha256,malwarebazaar,2025-10-19 17:10:07,42,55,malware,elf;corrupted,2025-10-19T17:10:07.591453,success
195fd8baa569c701a793e09940d4fcb456bda8485bd2a12319665ba5e44f8e09,sha256,malwarebazaar,2025-10-19 17:10:16,29,38,malware,elf;sets-process-name;upx;detect-debug-environment;arm,2025-10-19T17:10:16.394331,success
0aaac6ca455b9acc4b1f83b2c325e968080255074b782a18ed0f7ee1e710a698,sha256,malwarebazaar,2025-10-19 17:10:25,32,42,malware,elf,2025-10-19T17:10:25.641669,success
7ca5da5f414ed9c59a612f18d50e1f0ba18572ec034a44d3bb87020a6e10410f,sha256,malwarebazaar,2025-10-19 17:10:34,31,40,malware,elf;detect-debug-environment;upx;arm,2025-10-19T17:10:34.856478,success
5fab591bd64017a75f1150c8f1ccc3e21e3e8d9e62d6757d52232c3a89243a6d,sha256,malwarebazaar,2025-10-19 17:10:43,34,44,malware,elf;upx,2025-10-19T17:10:43.899289,success
a92eac0b86813908cc549c3567211191a5e8b826020c5baa93d3b7eda800e31d,sha256,malwarebazaar,2025-10-19 17:18:21,26,34,malware,elf;detect-debug-environment;arm;upx,2025-10-19T17:18:21.790293,success
3c32a38461967c3c1323190ecd8efb05ddb6cd740108de005669a08987ffbc34,sha256,malwarebazaar,2025-10-19 17:18:30,38,50,malware,corrupted;elf,2025-10-19T17:18:30.756209,success
8e608fcbc487156d8ebf6ba9a5bdfb45ca8de8e5303021360a00fbc57c9e6d55,sha256,malwarebazaar,2025-10-19 17:18:39,23,30,malware,self-delete;service-scan;shell;sets-process-name;detect-debug-environment,2025-10-19T17:18:39.728975,success
0d791ccc025714fbcfb95046ee8d0a27cff692240026ee80f616527463278f6a,sha256,malwarebazaar,2025-10-19 17:18:48,34,44,malware,upx;elf,2025-10-19T17:18:48.466848,success
74f25166d211ec082f70a82c699dd1e5f06fb8e803b4f680585ef3b37828e979,sha256,malwarebazaar,2025-10-19 17:18:57,38,50,malware,elf,2025-10-19T17:18:57.241274,success
f34c2b38d47c75c244890fd9af8571b730ff2bd758b9b9a74fff9ce83b9b6f42,sha256,malwarebazaar,2025-10-19 17:19:05,37,48,malware,elf,2025-10-19T17:19:05.981398,success
7c045646f0c83ddcfe3138af407a44363e5684e5a3d5d15e73f8a917811ddc3c,sha256,malwarebazaar,2025-10-19 17:19:14,29,38,malware,upx;elf;spreader;sets-process-name,2025-10-19T17:19:14.800776,success
8bc21a868d10a8cb1b9a2130d1ca2f3b8e6bf80d6d48bc436c9930c944a1359d,sha256,malwarebazaar,2025-10-19 17:19:23,31,40,malware,detect-debug-environment;64bits;upx;elf,2025-10-19T17:19:23.576294,success
014d89392bb1898f708448d711cb3e8e851ca190030accf83f21562e841d4e86,sha256,malwarebazaar,2025-10-19 17:19:32,29,38,malware,elf;upx;sets-process-name;spreader,2025-10-19T17:19:32.319505,success
6522f0e3a1110d0318de7f77c17cadcac1b2807fd160bc08a27d1ed858f4175d,sha256,malwarebazaar,2025-10-19 17:19:42,27,35,malware,arm;upx;detect-debug-environment;elf,2025-10-19T17:19:42.429941,success
fed63cdaf13244ab8b3df55f97e35bb07ec67d5c44a00ccb0a6d29c90dfc5682,sha256,malwarebazaar,2025-10-19 17:19:51,33,43,malware,elf;upx,2025-10-19T17:19:51.155725,success
992ae590776d107a22dd55ee1040ccc1698d69b26eff42fcbe793d4e6f09e2ad,sha256,malwarebazaar,2025-10-19 17:20:00,36,47,malware,shell;detect-debug-environment,2025-10-19T17:20:00.000711,success
56efa4a847fc6c656cd8b2dad98dde090619f19c8330bb32d7eccbc6d4446c47,sha256,malwarebazaar,2025-10-19 17:20:09,28,36,malware,64bits;elf;sets-process-name;upx,2025-10-19T17:20:09.042489,success
fb1cf614f0768a125c174aa25945fe5b49aedcfdd806d6c5cba8a0a60071d833,sha256,malwarebazaar,2025-10-19 17:27:47,33,43,malware,elf;upx,2025-10-19T17:27:47.577696,success
8fe85f25a43f4ae15bedf01721d41296f7646b2b312fbc0ff1d0e28a18442f8e,sha256,malwarebazaar,2025-10-19 17:27:56,35,46,malware,elf;detect-debug-environment;upx;spreader,2025-10-19T17:27:56.366231,success
20db703a00f5f5c1acd937c4ed88a99994aa0c41165b9de67c43cbd0893680ef,sha256,malwarebazaar,2025-10-19 17:28:05,36,47,malware,arm;elf;upx;detect-debug-environment,2025-10-19T17:28:05.159701,success
8635582d86a4bdb208d46a307c108fde79e1acba5ac62937b816bbe82e476fc4,sha256,malwarebazaar,2025-10-19 17:28:13,36,47,malware,elf;detect-debug-environment;upx;spreader,2025-10-19T17:28:13.971181,success
225653eecea64b19bb0564f92321fb1f862289e806900bfef9a417081499ab79,sha256,malwarebazaar,2025-10-19 17:28:23,29,38,malware,spreader;detect-debug-environment;upx;elf,2025-10-19T17:28:23.095027,success
9ff12a8fafc6b8f4fcbd162a4952d70fd9e642e2d5988e16b869d3e230571b2c,sha256,malwarebazaar,2025-10-19 17:28:32,36,47,malware,spreader;detect-debug-environment;upx;elf,2025-10-19T17:28:32.061507,success
e1afbb7f0ff504b47ecc0c9fb0738650559b4bb53822423eea6cfa19691a1f1b,sha256,malwarebazaar,2025-10-19 17:28:41,36,47,malware,elf;upx;detect-debug-environment;arm,2025-10-19T17:28:41.261247,success
bdbf9b10a65f76d2c6a30cc64c617964246a414aac80a2e8335101fd7923e195,sha256,malwarebazaar,2025-10-19 17:28:50,25,32,malware,elf,2025-10-19T17:28:50.792519,success
a59deb7aa1bd7e6a495450305a728ae33e10c08a05a7fe04c8e1a2723a3b347a,sha256,malwarebazaar,2025-10-19 17:28:59,26,34,malware,upx;elf;detect-debug-environment;arm,2025-10-19T17:28:59.620545,success
84ac17f8f375db46b63c584072f69a035cc99201f9bf4d20ac8d831c27b45800,sha256,malwarebazaar,2025-10-19 17:29:08,35,46,malware,service-scan;shell;self-delete;detect-debug-environment,2025-10-19T17:29:08.568124,success
4667f4710a03daceb8f5470723877c80b79a4408e609b33487a760fee99e9ad8,sha256,malwarebazaar,2025-10-19 17:29:17,34,44,malware,upx;elf,2025-10-19T17:29:17.481453,success
b624d1836c1fe7ba31954d37288b537e31a1e54d66a4ff538709c8607fd9ad0f,sha256,malwarebazaar,2025-10-19 17:29:26,36,47,malware,elf,2025-10-19T17:29:26.265071,success
7a66594fd9bd4a6030e2e6b2305a913b6ac4a2d82d84544dfa69e3cab0cf1c9f,sha256,malwarebazaar,2025-10-19 17:29:35,44,57,malware,spreader;elf,2025-10-19T17:29:35.661933,success
0f9d9eefefdea11a58f8b2658e96fdfaba8a856772ca3fe1cbbd8b8ba79b9298,sha256,malwarebazaar,2025-10-19 17:37:13,30,39,malware,detect-debug-environment;arm;elf,2025-10-19T17:37:13.235459,success
da1d08b74b2eb8bd6a534367415376ff4dc4e10116fe02ecd7dd3b7dd72aee05,sha256,malwarebazaar,2025-10-19 17:37:21,43,56,malware,elf;detect-debug-environment;arm,2025-10-19T17:37:21.993147,success
293c273b06aaf12627d5814495fd41a286ff1a85d8d5be1979b26cb359708595,sha256,malwarebazaar,2025-10-19 17:37:30,36,47,malware,arm;elf;detect-debug-environment,2025-10-19T17:37:30.736139,success
6a8d66da3d8436bcbf4313c91276f8e5710f08c32bfbb463c37d2b7d53fff97c,sha256,malwarebazaar,2025-10-19 17:37:39,37,48,malware,arm;detect-debug-environment;elf,2025-10-19T17:37:39.638176,success
58bb33f56f1b27cd433b9962d66b805247bc3643c5f5e88fa558111c1c01f516,sha256,malwarebazaar,2025-10-19 17:37:48,33,43,malware,arm;spreader;detect-debug-environment;elf,2025-10-19T17:37:48.404454,success
5fccd9187939d83a209120f8904d8f9cdc3ff0f30659cb2b2fe5fc94021cec8b,sha256,malwarebazaar,2025-10-19 17:37:57,37,48,malware,elf,2025-10-19T17:37:57.149920,success
4998055225a997c19fb453abf076fcbbf964c31a34f0bff02ad5cdb9f775222d,sha256,malwarebazaar,2025-10-19 17:38:06,38,50,malware,elf,2025-10-19T17:38:06.401535,success
9b4ade3f545126267cda97daffa7a47fd834a3f6df39ef29e7f1cf97eb7f849e,sha256,malwarebazaar,2025-10-19 17:38:15,45,59,malware,elf,2025-10-19T17:38:15.152890,success
cafcb9f951a9f5ae72a084b4c41dba8935b2bd39be5ec480ef804d322a54e0f1,sha256,malwarebazaar,2025-10-19 17:38:23,29,38,malware,elf;detect-debug-environment;upx;arm,2025-10-19T17:38:23.918276,success
abfff55ecd2e3a858e63a54b6190554fee4b3ec340d8bfbdf000daaccf1c2cf1,sha256,malwarebazaar,2025-10-19 17:38:32,37,48,malware,arm;detect-debug-environment;elf;upx,2025-10-19T17:38:32.696343,success
b3875854d455569dfdfd9bdc6e1a518522cc8246ae4612d450d104e27c6531fe,sha256,malwarebazaar,2025-10-19 17:38:41,36,47,malware,upx;arm;elf;detect-debug-environment,2025-10-19T17:38:41.749493,success
7b6a77fd8d38dde9ce97ff665ce811e6deb0c6a4c344baff5b0548b14f20ca1d,sha256,malwarebazaar,2025-10-19 17:38:50,37,48,malware,spreader;elf,2025-10-19T17:38:50.511439,success
b8a3f3e8d1a47ffd98195aad131669c8e74e5055bd71b465b17218dac44388b7,sha256,malwarebazaar,2025-10-19 17:38:59,27,35,malware,arm;elf;upx;detect-debug-environment,2025-10-19T17:38:59.263909,success
e1a714d3598c0ff6bd64248a630b96ae8bd2c747fcf58f854f5a253ff05521a9,sha256,malwarebazaar,2025-10-19 17:46:38,29,38,malware,elf;arm;detect-debug-environment;upx,2025-10-19T17:46:38.005428,success
8344a8403fab2a5c313b584428c5022fe1b6a2781638bf3b738cdc3ab6a180be,sha256,malwarebazaar,2025-10-19 17:46:46,30,39,malware,elf,2025-10-19T17:46:46.801896,success
6cfe625c825747b9207308be1e00f964665c964242a27ec71c5d9bb50d0809ca,sha256,malwarebazaar,2025-10-19 17:46:55,36,47,malware,corrupted;elf,2025-10-19T17:46:55.827613,success
21d13d709d8040e20893bbe833efdbf7840bca25bb23bb0a34b99a3e4e1a8d87,sha256,malwarebazaar,2025-10-19 17:47:04,28,36,malware,service-scan;sets-process-name;spreader;elf;upx,2025-10-19T17:47:04.609940,success
c29a8a7b410e534c58b1353e0a8ff53b5f406f6757064bfeaa4f32b831212c4f,sha256,malwarebazaar,2025-10-19 17:47:13,38,50,malware,elf,2025-10-19T17:47:13.406231,success
2ee257c83e68b654b44bdbc1ca604a550849ec54fd3116d74a22c3c9e4c605db,sha256,malwarebazaar,2025-10-19 17:47:22,35,46,malware,elf;upx,2025-10-19T17:47:22.240012,success
24c2cd680db5fe5e3292309cfd725263778e490a236aaf45f000ae03537c521d,sha256,malwarebazaar,2025-10-19 17:47:31,33,43,malware,upx;service-scan;elf;detect-debug-environment;spreader,2025-10-19T17:47:31.018791,success
9f5aafa7bd7bf6eed53cb08c9b46a835ee31a5744fdedb682500f6ce147ea89b,sha256,malwarebazaar,2025-10-19 17:47:39,34,44,malware,elf;upx,2025-10-19T17:47:39.784587,success
301036e446f7e85f501f8d74cc07e19d062eedb1967b352cfe6849f845253ee4,sha256,malwarebazaar,2025-10-19 17:47:48,34,44,malware,elf;upx,2025-10-19T17:47:48.535799,success
0c45895fe14346c5c23ae8d98d0b5ede2a882ec1f24d2b3fde06014d0b5d957f,sha256,malwarebazaar,2025-10-19 17:47:57,37,48,malware,upx;elf,2025-10-19T17:47:57.302070,success
408f7bd342f7c2f113c2535c103719ed14cb5b458a1b61bbe2c7faa8a718c3ba,sha256,malwarebazaar,2025-10-19 17:48:06,18,23,malware,elf;exploit;upx;detect-debug-environment;cve-2017-17215,2025-10-19T17:48:06.044148,success
a07602651e9b8221514cd32f92c11ee3a7220a72ee24d097a2c96afffb3408b2,sha256,malwarebazaar,2025-10-19 17:48:14,45,59,malware,elf,2025-10-19T17:48:14.924622,success
b75301be975a135070b4331eee01d29a7857a12ae579f90c2019b958c6759327,sha256,malwarebazaar,2025-10-19 17:48:23,33,43,malware,arm;elf;detect-debug-environment,2025-10-19T17:48:23.690473,success
886be4c13c47e9abc73a27e8351e36ccca76bfacfd58ea9957e22775804b9db7,sha256,malwarebazaar,2025-10-19 17:56:03,44,57,malware,elf;detect-debug-environment;arm,2025-10-19T17:56:03.062357,success
73b29be4add9af44ffd7e5150900194c7b0e0def45d5eb12080149108aaa32f0,sha256,malwarebazaar,2025-10-19 17:56:12,45,59,malware,elf,2025-10-19T17:56:12.101957,success
5c43ae01c01eb22000ae6ddc98a86da69a656c662aa57c9a5c97deff7f3231da,sha256,malwarebazaar,2025-10-19 17:56:21,24,31,malware,detect-debug-environment;elf;arm,2025-10-19T17:56:21.021011,success
4c11cbaa7c1a3bfd75a59da2a9042f890bf4062b6fa9b7e12fef3cfdb36e4072,sha256,malwarebazaar,2025-10-19 17:56:30,35,46,malware,detect-debug-environment;elf;arm,2025-10-19T17:56:30.125302,success
9a9a4946241391b309c797a9633041f4b75c7e7fa621fc4a7dd775ba80e39e06,sha256,malwarebazaar,2025-10-19 17:56:39,45,59,malware,elf,2025-10-19T17:56:39.204175,success
ad9148150a90ec5114cc3f8cf5fc3414b16bbb4ba6f1091c250ccb4a7b0716fa,sha256,malwarebazaar,2025-10-19 17:56:48,37,48,malware,upx;elf,2025-10-19T17:56:48.566731,success
a7d3ea598f8397518cf54946c3c3a287c9d2ab8cae8d8dcddeeb2e1ffe6707ce,sha256,malwarebazaar,2025-10-19 17:56:57,37,48,malware,upx;elf;spreader,2025-10-19T17:56:57.302361,success
b45bdef80933435e9840ed965fe778113490cb1f9afc0baee06301c1ad06836e,sha256,malwarebazaar,2025-10-19 17:57:06,38,50,malware,upx;arm;elf;detect-debug-environment,2025-10-19T17:57:06.458998,success
9bbbc7e6130003b0f5eec08a6ecec6d8930851b060df3b1c5f94c2f2f909df0d,sha256,malwarebazaar,2025-10-19 17:57:15,42,55,malware,elf,2025-10-19T17:57:15.225285,success
871f02bcc6c869814b7ae9f7f708e5972d47609e72524854f79ebab573a43aaf,sha256,malwarebazaar,2025-10-19 17:57:23,37,48,malware,elf;corrupted,2025-10-19T17:57:23.989690,success
ec942d84ec57cc59f0ec4eda261ba088df6db6594620d4670d46bb4ccf7f824d,sha256,malwarebazaar,2025-10-19 17:57:32,36,47,malware,spreader;elf;upx,2025-10-19T17:57:32.746030,success
e133b2bdca392330464db0c7bca9ef03128c68c7d474edd3d24680fda250f486,sha256,malwarebazaar,2025-10-19 17:57:41,31,40,malware,64bits;upx;elf,2025-10-19T17:57:41.494408,success
a5bbbc56e90ad697bd49cc950f982ad90da48c56838b1ba30a9a5e930677fe76,sha256,malwarebazaar,2025-10-19 17:57:50,29,38,malware,upx;arm;detect-debug-environment;elf,2025-10-19T17:57:50.386539,success
3fb5030bc6b88c6a9ba8f5ee2a08094f8390a8825546d970dfacd3cd58ce4cd4,sha256,malwarebazaar,2025-10-19 18:05:27,45,59,malware,elf,2025-10-19T18:05:27.982938,success
9be8ec509eccd01d5c7698e6a67b5d001f1c77bceb9cdcdf4b2cac43b1bc32cc,sha256,malwarebazaar,2025-10-19 18:05:36,39,51,malware,elf;upx,2025-10-19T18:05:36.771055,success
f2feb0015b5cce34b0b77b38130b8847288a209a0b3c8d1345ba2be630f22faa,sha256,malwarebazaar,2025-10-19 18:05:45,30,39,malware,elf;upx;arm;detect-debug-environment,2025-10-19T18:05:45.789187,success
fc09d9d48b1fa771b39aa50bb1fe77e3dfb8213283e0a6a693946dad33edd393,sha256,malwarebazaar,2025-10-19 18:05:54,36,47,malware,elf;upx,2025-10-19T18:05:54.593862,success
cece11963249ce094941b57bff342db7a322bea4e74250c10503abdac6b82aef,sha256,malwarebazaar,2025-10-19 18:06:03,32,42,malware,shell;checks-hostname;detect-debug-environment,2025-10-19T18:06:03.465199,success
57a870191cfacd9e04d206e9a33c1f01262374532525f558add1cc4e4d73cee1,sha256,malwarebazaar,2025-10-19 18:06:12,38,50,malware,elf;arm;detect-debug-environment;upx,2025-10-19T18:06:12.649328,success
3985f2bd963d32f6bd4e291979b29d4fffb0ccd5d1cb4f1ae87b4d4c3d61b827,sha256,malwarebazaar,2025-10-19 18:06:21,11,14,malware,detect-debug-environment;64bits;upx;elf;sets-process-name,2025-10-19T18:06:21.434716,success
865ab575fa28d68e2c98fb0425584756bd47a7f985a9eb026135d9cb4177f899,sha256,malwarebazaar,2025-10-19 18:06:30,30,39,malware,cve-2017-17215;elf;spreader;exploit,2025-10-19T18:06:30.218180,success
c4381c1d7a61c78e12a7b903d1f5ab531c7605a814022e90f3020d0a3c3d8a15,sha256,malwarebazaar,2025-10-19 18:06:39,22,28,malware,detect-debug-environment;sets-process-name;elf;service-scan,2025-10-19T18:06:39.029315,success
533000a78d42bee90839ed417fb216bf9dbb6afdbb5e285efe3bda5a24d8e0a5,sha256,malwarebazaar,2025-10-19 18:06:48,32,42,malware,detect-debug-environment;service-scan;sets-process-name;elf,2025-10-19T18:06:48.235465,success
eaf3447663d95584650861c8c2afa0cceff6df64e0215b27ebbfa777a0c65ec7,sha256,malwarebazaar,2025-10-19 18:06:57,32,42,malware,elf;sets-process-name;arm;service-scan;detect-debug-environment,2025-10-19T18:06:57.036841,success
b399eaf6238be55d5967d150d8ddce452ca38d9d283b5ed0a4693fecd86a8819,sha256,malwarebazaar,2025-10-19 18:07:05,31,40,malware,elf,2025-10-19T18:07:05.777903,success
e827115ddaece0476a81cd528961283e570eaa9339fb58b483c02630889064a0,sha256,malwarebazaar,2025-10-19 18:07:14,31,40,malware,elf,2025-10-19T18:07:14.525230,success
34c7bfb6808bb3b027bb6c7551cfc92e02f1748d314fe65883a01c6738c8aaea,sha256,malwarebazaar,2025-10-19 18:14:52,29,38,malware,sets-process-name;arm;service-scan;detect-debug-environment;elf,2025-10-19T18:14:52.028985,success
27145f0cacb9c3ba34fee4265c843deb3794ec390cc9f238f40ee8221adfc16c,sha256,malwarebazaar,2025-10-19 18:15:00,44,57,malware,spreader;elf,2025-10-19T18:15:00.819696,success
357dcd92685017d90834e5024f34b37ab196a5458d6051b0336a2fb84f3aaa24,sha256,malwarebazaar,2025-10-19 18:15:09,36,47,malware,upx;elf,2025-10-19T18:15:09.710491,success
203c14af6b09b795d3057d15eed3bc4e820621303e159e926aa8b6a710401284,sha256,malwarebazaar,2025-10-19 18:15:18,41,53,malware,corrupted;elf,2025-10-19T18:15:18.531754,success
5650a013d7ede5d1e54a5b7662342d78b4cb20f87715f03b2f62cf99744de628,sha256,malwarebazaar,2025-10-19 18:15:27,41,53,malware,elf;spreader,2025-10-19T18:15:27.288371,success
351e000d0d85bdea5329d8a9600e3beb600471b3a9007188e35bd2d53b8275f9,sha256,malwarebazaar,2025-10-19 18:15:36,41,53,malware,arm;elf;detect-debug-environment,2025-10-19T18:15:36.166355,success
f7fcfcdb0cfd0ed1faaf26ab9564accd075138178cdc0026ecaf52302821d02f,sha256,malwarebazaar,2025-10-19 18:15:44,41,53,malware,elf,2025-10-19T18:15:44.925227,success
ad02fca50f136d163af284e62fa2e845f3f3fba1d2db4bbf5eaeb534538e4cde,sha256,malwarebazaar,2025-10-19 18:15:53,31,40,malware,detect-debug-environment;arm;elf,2025-10-19T18:15:53.712378,success
34e576d9d42ca38ea1074856185568e9e43c2613fc484041566ba5f6744d0f9c,sha256,malwarebazaar,2025-10-19 18:16:02,35,46,malware,arm;elf;detect-debug-environment,2025-10-19T18:16:02.468398,success
d31927565b5adfb783b57da1e6b84d616cbf9debdbe7d88b42b3c02fb5f3ffb6,sha256,malwarebazaar,2025-10-19 18:16:11,42,55,malware,self-delete;elf;service-scan;sets-process-name,2025-10-19T18:16:11.256537,success
bf6cbf85ea2963b675e96af9cb4acbd51fea2051066b67920b7b9f64980ae89a,sha256,malwarebazaar,2025-10-19 18:16:20,40,52,malware,elf,2025-10-19T18:16:20.026075,success
5f6e21c0ca84c5d08bfbb1270ad4e1fd1d3e13c94a6f697c9772b7396e03e2a5,sha256,malwarebazaar,2025-10-19 18:16:28,43,56,malware,elf,2025-10-19T18:16:28.834513,success
c6662e973133deb25482b179bb38327c01c8f4b6519f3311352e072e5e91189a,sha256,malwarebazaar,2025-10-19 18:16:37,27,35,malware,elf,2025-10-19T18:16:37.565505,success
1efa775cbe29e029dc94cf6b8eaef61378cd6eb8cc4077b8231e18aa6a0d0dfc,sha256,malwarebazaar,2025-10-19 18:24:16,37,48,malware,peexe;overlay,2025-10-19T18:24:16.563945,success
7784259628988e2903398f13021efded69f9fc322677958db06c74d076a04e8d,sha256,malwarebazaar,2025-10-19 18:24:25,27,35,malware,elf;detect-debug-environment;arm,2025-10-19T18:24:25.318246,success
2ef08f726f7d8233a436ae22a345eab37c504d77014a840fd2b9bc97c13de4aa,sha256,malwarebazaar,2025-10-19 18:24:34,1,1,unknown,android;apk,2025-10-19T18:24:34.083147,success
b368e4d9a1eda07fced00d9de9613cab3cba919263d63f77a18b31de28f6c24b,sha256,malwarebazaar,2025-10-19 18:24:42,9,11,suspicious,detect-debug-environment;long-sleeps;bat,2025-10-19T18:24:42.940970,success
0695a1f162c2e33934fe11d464d48c0aec42162fb5015e7583260a2b6d4b300c,sha256,malwarebazaar,2025-10-19 18:24:51,32,42,malware,elf,2025-10-19T18:24:51.833914,success
7a2af6f8c55bfc6d0bb259b4df37641cfb0dc9a1c94e0955784cfd9b34dc08ef,sha256,malwarebazaar,2025-10-19 18:25:00,16,21,malware,64bits;arm;elf,2025-10-19T18:25:00.643685,success
5f7dff5b5bdc2a12506cfb771e94b6ea26fec8a78f65cf927f361a39322036f4,sha256,malwarebazaar,2025-10-19 18:25:09,24,31,malware,64bits;arm;detect-debug-environment;elf,2025-10-19T18:25:09.387020,success
2679b37532e176d63c48953cb9549d48feb76f076222cb6502034b0f72ca7db1,sha256,malwarebazaar,2025-10-19 18:25:18,23,30,malware,arm;elf;detect-debug-environment,2025-10-19T18:25:18.195757,success
1d51c313c929d64c5ebe8a5e89c28ac3e74b75698ded47d1bc1b0660adc12595,sha256,malwarebazaar,2025-10-19 18:25:26,10,13,malware,arm;elf;detect-debug-environment,2025-10-19T18:25:26.946301,success
90bf143a03e0cb6686c32a8a77dbdad6a314a16b7991823f45f7d9cb22ba51bc,sha256,malwarebazaar,2025-10-19 18:25:35,26,34,malware,elf;detect-debug-environment;arm,2025-10-19T18:25:35.953232,success
1afcdc3210b47356a0f59eeffbc2f7be22c1dd7aa2cc541c0eb20db29da8280e,sha256,malwarebazaar,2025-10-19 18:25:44,20,26,malware,elf;64bits,2025-10-19T18:25:44.698714,success
3611fb87865bd967b6a1b2c3450e68cec14ec90abd9a790147e1544896e7b624,sha256,malwarebazaar,2025-10-19 18:25:53,17,22,malware,elf,2025-10-19T18:25:53.431200,success
d37b334ec94b56236dc008108d4a9189019f1849fb010dcf08cfcf1a7d199b53,sha256,malwarebazaar,2025-10-19 18:26:02,27,35,malware,elf,2025-10-19T18:26:02.187493,success
fa96cf3b0022711627b97d569f0c6e28cfd62e7051fdce3f0165f8dd5c4ec760,sha256,malwarebazaar,2025-10-19 18:33:39,27,35,malware,64bits;elf,2025-10-19T18:33:39.252822,success
c92038d168aa088997ea982aadf1d455ac4bc89332916a576117273610f3069f,sha256,malwarebazaar,2025-10-19 18:33:48,18,23,malware,elf,2025-10-19T18:33:48.341538,success
61db3883d792b518450a4a67cfaa4d14baec59239a967ffb30c7a116a39f00e6,sha256,malwarebazaar,2025-10-19 18:33:57,21,27,malware,elf,2025-10-19T18:33:57.098239,success
31f781726cc8cfc002b847fc0f05a7e28ebecea95f5a03b1cdeb63cce3e9ed8c,sha256,malwarebazaar,2025-10-19 18:34:05,21,27,malware,elf,2025-10-19T18:34:05.911368,success
1a60918639c961f6814f4dc74751a926361841b66c837d544697be1d3f42594e,sha256,malwarebazaar,2025-10-19 18:34:14,15,19,malware,elf;64bits,2025-10-19T18:34:14.682642,success
b4658234a5c300bce3fe410a55fc87a59e4be7d46f948eaff389c4c16016afaa,sha256,malwarebazaar,2025-10-19 18:34:23,27,35,malware,elf,2025-10-19T18:34:23.496642,success
0f1fd9f0a99693ec551f7eb93b3247b682cb624211a3b0c9de111a8367745268,sha256,malwarebazaar,2025-10-19 18:34:32,20,26,malware,corrupted;elf,2025-10-19T18:34:32.306519,success
3615d10d1ef6e57b66aa653b158cd8d57166d69cbc4c90c2b7b9dd29820fcc64,sha256,malwarebazaar,2025-10-19 18:34:41,17,22,malware,elf,2025-10-19T18:34:41.064715,success
3ac847bc1351ea5275d30cf9186caf607021d7f1da1a4cafeff6886b87844f36,sha256,malwarebazaar,2025-10-19 18:34:49,17,22,malware,elf,2025-10-19T18:34:49.844045,success
90f5ccd40e0f737eb40dcf292f202c7c70f1cdc2d33bd6718c0b286007f3ce24,sha256,malwarebazaar,2025-10-19 18:34:58,16,21,malware,64bits;elf,2025-10-19T18:34:58.679969,success
af7893318f1fe0d60cff62dbebe434e5f8c42bf1b338db23858177e880894574,sha256,malwarebazaar,2025-10-19 18:35:07,15,19,malware,elf;64bits,2025-10-19T18:35:07.427463,success
4dd0005c6e6d4eca722ed02fec17a689828754a66a107272c5cd62f2fec478e1,sha256,malwarebazaar,2025-10-19 18:35:16,31,40,malware,64bits;detect-debug-environment;elf,2025-10-19T18:35:16.578643,success
7234970698fab486e210a65aa2a3d3daebd3eebcf4bf016e9670fa725c07d76a,sha256,malwarebazaar,2025-10-19 18:35:25,16,21,malware,elf;64bits,2025-10-19T18:35:25.376564,success
326952154ef5a81c819d67f9408e866af5fe2cdb3024df3ef1d650a9932da469,sha256,malwarebazaar,2025-10-19 18:43:03,30,39,malware,elf;detect-debug-environment,2025-10-19T18:43:03.887410,success
ff08d2c7f8b5679add11dd4a297dd40a0d597e92e307ccd9c0d36366b59e3c6f,sha256,malwarebazaar,2025-10-19 18:43:13,27,35,malware,elf,2025-10-19T18:43:13.245599,success
00a290ee2458e38a0ec78be1414f651612c51831ff741cb40d5c6a11b29a6d7c,sha256,malwarebazaar,2025-10-19 18:43:21,21,27,malware,elf;64bits,2025-10-19T18:43:21.969095,success
c43f32a066112fd87f43895515d27116e40688ae47b02ce0a5b379672830a136,sha256,malwarebazaar,2025-10-19 18:43:31,27,35,malware,elf,2025-10-19T18:43:31.050025,success
9033caaa07477bbed8ccd9f130fd8353a81143db44555b734ed1547ef368a8dd,sha256,malwarebazaar,2025-10-19 18:43:40,18,23,malware,elf,2025-10-19T18:43:40.230999,success
b2b811bbfe06d0edba85e0b0d42dbffb3714dee5bdd44426a1cb4589874d3234,sha256,malwarebazaar,2025-10-19 18:43:49,28,36,malware,elf,2025-10-19T18:43:49.021072,success
938205ed2f664fc330e20580799445182ba840672ef8bd75ae7629e07a460a79,sha256,malwarebazaar,2025-10-19 18:43:57,14,18,malware,64bits;elf,2025-10-19T18:43:57.795773,success
25509f262052425db2d825c3da7fd1c46fd340f238f2ac5c48ee0182737a6271,sha256,malwarebazaar,2025-10-19 18:44:06,42,55,malware,peexe;spreader;invalid-signature;overlay;64bits,2025-10-19T18:44:06.912789,success
78624aed291c3b1a935a87b29e51d20242e78e709a8f07e7da90e9c9f9b02f4c,sha256,malwarebazaar,2025-10-19 18:44:15,42,55,malware,assembly;peexe;direct-cpu-clock-access;runtime-modules;detect-debug-environment,2025-10-19T18:44:15.851657,success
58c2dce16010de7b21752df2bbf6e9b5489173b3b168529eededd8ae47b5cf43,sha256,malwarebazaar,2025-10-19 18:44:24,15,19,malware,apk;android,2025-10-19T18:44:24.621333,success
f4afb332a59432c29186984c4d0b996c5f4afb89a9864c7b2060a50b0b812dc5,sha256,malwarebazaar,2025-10-19 18:44:42,39,51,malware,elf,2025-10-19T18:44:42.060094,success
841be5c444e18ce79cc48350bd10cf921a4ce153ce063ffcb935e084aadc0d55,sha256,malwarebazaar,2025-10-19 18:44:51,35,46,malware,upx;elf,2025-10-19T18:44:51.264574,success
b6956f45bd3c7b3009a31f0caf087d0686e60ee96978766a9f6477b8b093eace,sha256,malwarebazaar,2025-10-19 18:52:37,25,32,malware,powershell;clipboard;detect-debug-environment;long-sleeps;exe-pattern,2025-10-19T18:52:37.990457,success
df53c241d22f6ed5ce349b2f8fae1531f5d0b10d4061676ac0996f9eb869416f,sha256,malwarebazaar,2025-10-19 18:52:46,29,38,malware,bat,2025-10-19T18:52:46.763559,success
33ec23f8ca88fceaad72baccdf7bee62dbcadf2ef87fd015ff0da9523a3130cb,sha256,malwarebazaar,2025-10-19 18:52:55,28,36,malware,shell,2025-10-19T18:52:55.486219,success
67aff89fad0d466ce4b10f35adee1c42d480a6f2e9995ab24842486b750ba653,sha256,malwarebazaar,2025-10-19 18:53:04,32,42,malware,elf,2025-10-19T18:53:04.252603,success
d449165803cf7c6fdd7ba90c70ff9c2d923a3f76556880de727f83dae2a1900e,sha256,malwarebazaar,2025-10-19 18:53:13,34,44,malware,elf,2025-10-19T18:53:13.312004,success
396398d81c23e522ac15b01091c2ffb459b5d4da188a86c6055632e43ebcd4e6,sha256,malwarebazaar,2025-10-19 18:53:22,37,48,malware,service-scan;detect-debug-environment;sets-process-name;elf,2025-10-19T18:53:22.063524,success
359351eec18443e9569089c5d40618a59076fa85336cddfc0b201a52c00e5410,sha256,malwarebazaar,2025-10-19 18:53:31,34,44,malware,64bits;elf;service-scan;detect-debug-environment;sets-process-name,2025-10-19T18:53:31.003033,success
575f466068e586249e2e25d9b90f45305226893e92fb5db04e4ea7d95391e61a,sha256,malwarebazaar,2025-10-19 18:53:39,30,39,malware,shell,2025-10-19T18:53:39.821743,success
0dc802a1343041ca0cd5b280366fde3011bca39f6654327d59beca5be006712c,sha256,malwarebazaar,2025-10-19 18:53:48,30,39,malware,shell,2025-10-19T18:53:48.679091,success
d6801f609c947cadd51ded186985e39273eb12540ee7cb096ff9d209af91670b,sha256,malwarebazaar,2025-10-19 18:53:57,27,35,malware,shell,2025-10-19T18:53:57.895906,success
127463ff472c8c78cf4234c8247cbef5c162e9f50eef9862a377a6aa2724be65,sha256,malwarebazaar,2025-10-19 18:54:06,31,40,malware,text,2025-10-19T18:54:06.678489,success
a0d28fa012bc03a711c4c7c5b720a4a631468fd6a3e4983af2c31a586546f534,sha256,malwarebazaar,2025-10-19 18:54:15,31,40,malware,text,2025-10-19T18:54:15.451460,success
19b52e18a91648d161a1a7cd8fd084cb4adfddb609545503d1ebb6479e71aed9,sha256,malwarebazaar,2025-10-19 19:02:01,29,38,malware,shell,2025-10-19T19:02:01.788908,success
32e210802858180f434c9df816920fdaa598ff98784366ff6181f7a5ff1a04fa,sha256,malwarebazaar,2025-10-19 19:02:10,29,38,malware,elf,2025-10-19T19:02:10.541334,success
447dc9778f77e1fcf13d898fa0fd2f13925ca56957905f1afc87f40f043b83ba,sha256,malwarebazaar,2025-10-19 19:02:19,27,35,malware,sets-process-name;elf;service-scan;detect-debug-environment;64bits,2025-10-19T19:02:19.424832,success
9d60402b4ca2c36106300941d86b686f141ff09b14b3591a4b8f122c2b639a13,sha256,malwarebazaar,2025-10-19 19:02:28,26,34,malware,elf,2025-10-19T19:02:28.187294,success
abefaa131d5eeafd1fd60af1a98649b2783982b2a22bcba12814ca2f5f97e313,sha256,malwarebazaar,2025-10-19 19:02:37,29,38,malware,bat,2025-10-19T19:02:37.257716,success
ee949406f7c882a4e79771f3d4fd475c291e071e6ccdb56b9e930285f116add6,sha256,malwarebazaar,2025-10-19 19:02:46,27,35,malware,elf,2025-10-19T19:02:46.155355,success
8292ee32bdc5c60c82b415917a74d66163b169de9ea5f7def9401ee1503dbf1c,sha256,malwarebazaar,2025-10-19 19:02:54,26,34,malware,elf,2025-10-19T19:02:54.899267,success
318fbd96fc8a350b393b9cc445ca56a0be5ee0cf96dc18bc7a1f2ad2bc6562fa,sha256,malwarebazaar,2025-10-19 19:03:03,29,38,malware,shell,2025-10-19T19:03:03.615115,success
6f94379e4df874b4c20b5814db98daa0ac96605bf3db7a5d1f2503323015a91e,sha256,malwarebazaar,2025-10-19 19:03:12,30,39,malware,bat,2025-10-19T19:03:12.646202,success
af74402e15b9895822d079ffd0769ba62e600b133284a6177244b00bf685ae18,sha256,malwarebazaar,2025-10-19 19:03:21,28,36,malware,text,2025-10-19T19:03:21.445123,success
beab701524ee7132fe20c2a152440ae092a4bc841aea31522e91bf0c39b284dc,sha256,malwarebazaar,2025-10-19 19:03:30,28,36,malware,arm;elf;sets-process-name;detect-debug-environment;service-scan,2025-10-19T19:03:30.411132,success
7001dbb510c728985d1f1ce5fecd159eed8dd1ef844554aa562ddfc1da085d9a,sha256,malwarebazaar,2025-10-19 19:03:39,22,28,malware,elf;64bits,2025-10-19T19:03:39.174279,success
10248c2a7e1dd6eff213f3d76535701dcbc7cc05d4fc5ec550776b8afb378a73,sha256,malwarebazaar,2025-10-19 19:11:24,29,38,malware,bat,2025-10-19T19:11:24.790874,success
13fea30007ed337a8da0b316125359adbbbfed3e72afcff300d8bf52235e1d09,sha256,malwarebazaar,2025-10-19 19:11:33,29,38,malware,corrupted;elf,2025-10-19T19:11:33.714942,success
3bacd9c91287fed6490b9c85a293b8b531339c320d79f6ecda28bf74fb563444,sha256,malwarebazaar,2025-10-19 19:11:42,33,43,malware,peexe;persistence;executes-dropped-file;checks-disk-space,2025-10-19T19:11:42.696118,success
fdb35e60a509a02f08c2d67ad4ff174ad1a84f6afe2ea36613571409f90f5911,sha256,malwarebazaar,2025-10-19 19:11:51,46,60,malware,executes-dropped-file;peexe,2025-10-19T19:11:51.519515,success
dc59a25fee5c6c5661ae2fab972f6f6b5bf61440f927736361cca80760de73ec,sha256,malwarebazaar,2025-10-19 19:12:00,34,44,malware,arm;detect-debug-environment;elf,2025-10-19T19:12:00.899611,success
39ac23bb74eee07c11557b58d0c4d484c822064cbedf25fe5f651236059b5e7c,sha256,malwarebazaar,2025-10-19 19:12:09,1,1,unknown,64bits;corrupt;peexe,2025-10-19T19:12:09.807980,success
7eb16b0b45dab6d07f6b00b20923751acc5313db25c978ee5f5c42317479af3b,sha256,malwarebazaar,2025-10-19 19:12:18,44,57,malware,idle;long-sleeps;peexe;overlay;persistence,2025-10-19T19:12:18.641737,success
5e0a4beb8673b04848cb7fd3a0b7db41e1324a8e61cef35bff881faab222abfc,sha256,malwarebazaar,2025-10-19 19:12:27,47,61,malware,peexe;64bits;spreader,2025-10-19T19:12:27.392868,success
23a3ea1ece624eea1619bb5d7802893e7967e67a0cc123c7853ffbde212ab0d3,sha256,malwarebazaar,2025-10-19 19:12:36,34,44,malware,corrupted;elf,2025-10-19T19:12:36.164172,success
34fa577ccd8fdad2d1d3d8d4afc44955e269ef7616efb8db76a2ad2fb37319e2,sha256,malwarebazaar,2025-10-19 19:12:44,34,44,malware,arm;elf;detect-debug-environment,2025-10-19T19:12:44.926907,success
3f7f8443639de50822136367a586a3a9daabe312ef7846411d6206064204afc4,sha256,malwarebazaar,2025-10-19 19:12:53,38,50,malware,detect-debug-environment;service-scan;sets-process-name;elf,2025-10-19T19:12:53.690423,success
bb41c083f6b70ec1b00356ac717a295a3984eca5398ceb60becd2860aa5502b4,sha256,malwarebazaar,2025-10-19 19:13:02,36,47,malware,arm;elf;detect-debug-environment,2025-10-19T19:13:02.755922,success
2aa178eff55d447ff9c41ca4e00fa8f853daca90521a0ac65fddb0832fc9b1b6,sha256,malwarebazaar,2025-10-19 19:20:49,36,47,malware,detect-debug-environment;arm;elf,2025-10-19T19:20:49.990230,success
f5f1ccd34c5611c2152c7eff3891c85b1c7e362f1797db6597ac8452d81b3a98,sha256,malwarebazaar,2025-10-19 19:20:58,34,44,malware,checks-user-input;long-sleeps;64bits;detect-debug-environment;peexe,2025-10-19T19:20:58.754726,success
9eac9541c2372dbbd56d9df24530fa85b69d7e76ea3531885deee454b2eb591b,sha256,malwarebazaar,2025-10-19 19:21:08,30,39,malware,elf,2025-10-19T19:21:08.219953,success
f40627f45bd10064bf12f450e6bfcb7a72f67451eba5847d8c75c96e7acfe632,sha256,malwarebazaar,2025-10-19 19:21:16,41,53,malware,elf,2025-10-19T19:21:16.998129,success
cb29310b5e68fa5f5c4aab781924807aea4f10e1d40164892cbf8651abf7bfd7,sha256,malwarebazaar,2025-10-19 19:21:25,39,51,malware,signed;peexe;invalid-signature;assembly;executes-dropped-file,2025-10-19T19:21:25.917232,success
266f6e9f2549af2849ca867871923f1b4b6752247949e095f3b4b6777cafed4c,sha256,malwarebazaar,2025-10-19 19:21:34,40,52,malware,peexe;64bits;overlay;detect-debug-environment;checks-disk-space,2025-10-19T19:21:34.851691,success
998cf81f968ac4baf3bd58f4a3fcef2f80f44ff3d9f294a83874ae5389a1868f,sha256,malwarebazaar,2025-10-19 19:21:43,46,60,malware,executes-dropped-file;peexe;checks-disk-space;persistence,2025-10-19T19:21:43.723180,success
7e1d1b07f6575e2fa9d00eb9682d54d6a5a79e6a90a7c9f0e01875c1e947af5d,sha256,malwarebazaar,2025-10-19 19:21:52,45,59,malware,spreader;64bits;peexe,2025-10-19T19:21:52.418483,success
9de72bbf7efdb9b528351ec7ad706d6197e860a78b2846adf700cbc10d0760fa,sha256,malwarebazaar,2025-10-19 19:22:01,31,40,malware,executes-dropped-file;peexe;malware;overlay,2025-10-19T19:22:01.177584,success
c17c8b468c08916972bf930c757a555a0620b3800c089872f21bff4678628092,sha256,malwarebazaar,2025-10-19 19:22:10,48,63,malware,spreader;peexe;64bits,2025-10-19T19:22:10.073767,success
8e20a148ccc479c3566dd0ea9c518273f6b4df5e9e2e934468c5bab6f9a1c0eb,sha256,malwarebazaar,2025-10-19 19:22:18,53,69,malware,spreader;peexe;64bits,2025-10-19T19:22:18.812398,success
001b0cc8c936c9ae511779738d2ebd5412f03ce656e1fb64151271b2e1908eb6,sha256,malwarebazaar,2025-10-19 19:22:27,46,60,malware,peexe;spreader;64bits,2025-10-19T19:22:27.573014,success
d525e04de355791e45f126e241fc2adfdee57b567fe2e2b1f0bb9b20bd852244,sha256,malwarebazaar,2025-10-19 19:30:14,51,67,malware,64bits;peexe;spreader,2025-10-19T19:30:14.165145,success
6a3e08e217b0a4c5403e8fc5b29181fd875a06e731ec28a0233cff1365cb9383,sha256,malwarebazaar,2025-10-19 19:30:23,50,65,malware,spreader;64bits;peexe,2025-10-19T19:30:23.007010,success
29c0d4984b75249ca32eb674095996913758b9b91746c788db80a419dd984e50,sha256,malwarebazaar,2025-10-19 19:30:31,48,63,malware,executes-dropped-file;checks-user-input;calls-wmi;upx;peexe,2025-10-19T19:30:31.781241,success
ad070c1ebc41c77a5848895fdd69e04b99ffa803703a7a773c77b5c0b495036a,sha256,malwarebazaar,2025-10-19 19:30:40,51,67,malware,checks-cpu-name;detect-debug-environment;64bits;long-sleeps;peexe,2025-10-19T19:30:40.569638,success
66d699c0cc4896d7864f839d77cedfc6b49b6080ee687d7a75be7a1552aad144,sha256,malwarebazaar,2025-10-19 19:30:49,40,52,malware,checks-disk-space;persistence;peexe;executes-dropped-file,2025-10-19T19:30:49.450795,success
6c0c809060dca43795f724aeae924802bc4cac170c48053a74f9c97d85460573,sha256,malwarebazaar,2025-10-19 19:30:58,47,61,malware,64bits;peexe;spreader,2025-10-19T19:30:58.276365,success
b3ac7e225f7966453e984e4ac014a3f5342e204f3ea00981eaf14b5ac366cb5e,sha256,malwarebazaar,2025-10-19 19:31:07,51,67,malware,spreader;peexe;64bits,2025-10-19T19:31:07.098654,success
3ac0eaa4b03a0196c77296cbaf23a1219bdf1271c1c9d953bc9457611ae3e1f9,sha256,malwarebazaar,2025-10-19 19:31:16,40,52,malware,elf,2025-10-19T19:31:16.180677,success
0fcc4073095bd01083ff56e241b007c1c4b9cc0c78e000dcff7d1b884c817093,sha256,malwarebazaar,2025-10-19 19:31:25,39,51,malware,detect-debug-environment;elf;sets-process-name;arm,2025-10-19T19:31:25.040665,success
32526f3023c6fbb3c066ba43fa26400df8e94f47ec60d996139520443c352bee,sha256,malwarebazaar,2025-10-19 19:31:33,56,73,malware,peexe;malware;assembly,2025-10-19T19:31:33.926693,success
a305170fc890a43d4267699959ee91d4c9fe32f3ddaa0c1342918b8a87ab1d1c,sha256,malwarebazaar,2025-10-19 19:31:42,2,2,unknown,obfuscated;apk;android;detect-debug-environment;checks-gps,2025-10-19T19:31:42.752211,success
9b9fa0d1a7f483aaec40d6e7d3b452db7af453d0c45759f35c74869d2674f39f,sha256,malwarebazaar,2025-10-19 19:31:51,40,52,malware,elf,2025-10-19T19:31:51.548484,success
a32d0d02bca750039c99360337a7254f621c262d44f4eaf7748b07e91f9bd233,sha256,malwarebazaar,2025-10-19 19:39:38,41,53,malware,elf,2025-10-19T19:39:38.185842,success
b0865a9cc353bb0213587e6cfd8cd10dcf2ab0963f398c6e4fe7ec56498d391e,sha256,malwarebazaar,2025-10-19 19:39:47,39,51,malware,spreader;detect-debug-environment;elf;arm,2025-10-19T19:39:47.174924,success
222f971707aa7f6794f56fcc376fa4e13c4a245b59320610881ff3b1d0e34572,sha256,malwarebazaar,2025-10-19 19:39:55,40,52,malware,elf;detect-debug-environment;arm,2025-10-19T19:39:55.978616,success
d174b968bdee44f8b55ca8ada73cd87fd345f1f92e8bdd073fc5e9c5db52b286,sha256,malwarebazaar,2025-10-19 19:40:04,40,52,malware,detect-debug-environment;arm;elf,2025-10-19T19:40:04.709804,success
e1f8bc236675671ff77d19ef5528b8b2f5a59502e6e98511354b8066d3f12660,sha256,malwarebazaar,2025-10-19 19:40:13,37,48,malware,detect-debug-environment;elf;arm,2025-10-19T19:40:13.539998,success
a9dab23476bb29d76bad64c205ce5af333c595ab7666e46763366444e75b8440,sha256,malwarebazaar,2025-10-19 19:40:22,38,50,malware,elf,2025-10-19T19:40:22.440284,success
62a747fbcc703bd0d3c6a70af9c2cfa25e403edf079daf6f0a339a7de3b4bcf8,sha256,malwarebazaar,2025-10-19 19:40:31,35,46,malware,elf;upx,2025-10-19T19:40:31.198221,success
4ef7819697d72c7eb04f5dea7b3c14567abce9a28c943add478b7760e77f69e8,sha256,malwarebazaar,2025-10-19 19:40:39,37,48,malware,elf,2025-10-19T19:40:39.964544,success
3fad2cd5ee006e285567804c7bd84c508de5b53ab252887bc1e5ade8f63c84e0,sha256,malwarebazaar,2025-10-19 19:40:48,40,52,malware,elf;spreader,2025-10-19T19:40:48.724198,success
53a3f64fc68e941874aabfd71e6aded6204eaac25bec8b244dbefa7895ec9dc8,sha256,malwarebazaar,2025-10-19 19:40:57,36,47,malware,elf;upx,2025-10-19T19:40:57.606584,success
408407815665ffdb8a9b5ddb6f165b029732ea3f4c3b63e9c8aaf6ac82364279,sha256,malwarebazaar,2025-10-19 19:41:06,38,50,malware,corrupted;elf,2025-10-19T19:41:06.370705,success
774eb74cccf50e439f85ed09b46d0d1265d09528de7aec9320a1fb60777a7903,sha256,malwarebazaar,2025-10-19 19:41:15,36,47,malware,elf;service-scan;spreader;upx;detect-debug-environment,2025-10-19T19:41:15.170501,success
bfea05b3569ad76e6cf4539b89584fae0591be2026f6482d9836ee6d230641ba,sha256,malwarebazaar,2025-10-19 19:49:02,32,42,malware,detect-debug-environment;arm;elf;upx,2025-10-19T19:49:02.209896,success
93b734a6683bfd22bd3e3c5750cddb4ff0999b55092a24ab8413a2455516bcfc,sha256,malwarebazaar,2025-10-19 19:49:10,33,43,malware,upx;elf,2025-10-19T19:49:10.965129,success
34af8806c83b423f63178ddd9f44deb0670e2cea062aa71781172420b584f5e5,sha256,malwarebazaar,2025-10-19 19:49:19,34,44,malware,arm;upx;detect-debug-environment;elf,2025-10-19T19:49:19.849956,success
4889177aee9089ba50f559c6854c043dfd70c9c6852b4afcca9d881d1ff886e1,sha256,malwarebazaar,2025-10-19 19:49:29,36,47,malware,arm;elf;detect-debug-environment;upx,2025-10-19T19:49:29.539428,success
34871f05d9845ed83042e33bc6ab999c0f97c94441e7c1049437e5837f8a1b3d,sha256,malwarebazaar,2025-10-19 19:49:38,34,44,malware,arm;detect-debug-environment;upx;elf,2025-10-19T19:49:38.512567,success
90d88471dad89417f01b7bd13a63957e9bab4d0bc292296aa22366e3bb15127c,sha256,malwarebazaar,2025-10-19 19:49:47,2,2,unknown,apk;android,2025-10-19T19:49:47.285744,success
e090590a442cb44deb6bf562cc242da71d41f8c9e206f077b3da26f7a6cd90be,sha256,malwarebazaar,2025-10-19 19:49:56,30,39,malware,detect-debug-environment;sets-process-name;checks-cpu-name;shell;self-delete,2025-10-19T19:49:56.157286,success
a821ca35d85b5d0f87f98455ea768a08c223c2733e8e5c3e0bce241b6e176bd3,sha256,malwarebazaar,2025-10-19 19:50:05,25,32,malware,detect-debug-environment;checks-cpu-name;shell,2025-10-19T19:50:05.483714,success
8fe1dedc971cbe28b6cc023995a888728f8a47cd7639d5a74be893d5adb0537e,sha256,malwarebazaar,2025-10-19 19:50:14,26,34,malware,service-scan;sets-process-name;detect-debug-environment;checks-hostname;shell,2025-10-19T19:50:14.251676,success
07b2c7f049942aa30ab203ead3b6df75b65161da3a169d93d9d48014a50bf2a6,sha256,malwarebazaar,2025-10-19 19:50:23,23,30,malware,text,2025-10-19T19:50:23.111650,success
c16af41b69be0f3072807d897c44133b2f76d2526adf36ff4a60422c1f7c003f,sha256,malwarebazaar,2025-10-19 19:50:31,24,31,malware,shell,2025-10-19T19:50:31.882892,success
23580c09a2edb3be083aa143f499fe7b55f2d7f0122d37eec2e1a93bad76ec4a,sha256,malwarebazaar,2025-10-19 19:50:40,26,34,malware,shell,2025-10-19T19:50:40.677371,success
e37045318881b963c532290cdfeac4bdaa7b01b74078a54408e646cd00509977,sha256,malwarebazaar,2025-10-19 19:58:27,27,35,malware,checks-cpu-name;sets-process-name;detect-debug-environment;checks-hostname;shell,2025-10-19T19:58:27.370577,success
4eed6ec3a843e5fcc6acd8010674868f7f8db69baa8a989f65df63712cf41967,sha256,malwarebazaar,2025-10-19 19:58:36,14,18,malware,text,2025-10-19T19:58:36.285244,success
50b17912c8c2ebe7795212b70831d3d0b53216abd4fc2634185a686e47d15f16,sha256,malwarebazaar,2025-10-19 19:58:45,27,35,malware,shell;detect-debug-environment;checks-cpu-name;sets-process-name,2025-10-19T19:58:45.388917,success
a215fe002d2012b1fba4f94d720926a8d27e1c16fda9fb707521cd0d112c5717,sha256,malwarebazaar,2025-10-19 19:58:54,21,27,malware,detect-debug-environment;shell;self-delete;checks-hostname;checks-cpu-name,2025-10-19T19:58:54.162654,success
a0c7bbbcbb46ea5080481370cc1b54405e7a807c13f89dac8186f9b88e0baf15,sha256,malwarebazaar,2025-10-19 19:59:02,25,32,malware,sets-process-name;checks-cpu-name;self-delete;detect-debug-environment;service-scan,2025-10-19T19:59:02.916886,success
6a3dc13af1370d4ac43f26a0f5c74e99da640bd4688f8329252f27a87345fef8,sha256,malwarebazaar,2025-10-19 19:59:11,10,13,malware,shell,2025-10-19T19:59:11.687348,success
1d60be8567ab2caa23b5b3908963d7ba77513e774d62971a6c6fe36548aeaff4,sha256,malwarebazaar,2025-10-19 20:06:23,41,53,malware,signed;peexe;spreader;overlay;64bits,2025-10-19T20:06:23.481218,success
70de79bcce338543f64eb7da22dbc434e0172e73f0550edb572daa5e280024e9,sha256,malwarebazaar,2025-10-19 20:06:32,50,65,malware,peexe;64bits;spreader,2025-10-19T20:06:32.291033,success
6abdfd5c60a9b6be9e87d507b835eda30f7f4ea92eda4d350db159891e2d895d,sha256,malwarebazaar,2025-10-19 20:06:41,14,18,malware,overlay;64bits;peexe,2025-10-19T20:06:41.023199,success
17d20bceaf1d07da931bda7843765f339582c2926b9f2e1fe012a013ea6ed717,sha256,malwarebazaar,2025-10-19 20:06:49,12,15,malware,peexe;64bits,2025-10-19T20:06:49.765331,success
6e7cc0cdd9ae25953e7254e3d8b3f46557043008f3b80a0de1117a3632d83bd4,sha256,malwarebazaar,2025-10-19 20:06:58,14,18,malware,peexe;assembly,2025-10-19T20:06:58.509992,success
0daefcc37a4aaf5bfb64b12f9737eb24c889aabb9284780ff5b43969874868a6,sha256,malwarebazaar,2025-10-19 20:07:07,12,15,malware,peexe;assembly,2025-10-19T20:07:07.231583,success
13a071ddf93f87c150d159ef6b9600be8a75c0bde679c2792258cfaacee20487,sha256,malwarebazaar,2025-10-19 20:07:16,29,38,malware,assembly;peexe,2025-10-19T20:07:16.264093,success
5c0d37863eb347a4eee6f26600a7cef84f3580bd5ec77b2e08b7520c4f6132ed,sha256,malwarebazaar,2025-10-19 20:08:00,15,19,malware,javascript,2025-10-19T20:08:00.711127,success
db60ac13c5e497757f8d56b3f325a004ac72c688c5d256e4e3ca98778bf19392,sha256,malwarebazaar,2025-10-19 20:08:09,11,14,malware,vba;exe-pattern;malware,2025-10-19T20:08:09.703298,success
036f4f34fcb02a48af4744f802e6982dab2f89db3048a06742e28cc6d7b3c4e4,sha256,malwarebazaar,2025-10-19 20:08:18,0,0,unknown,bat,2025-10-19T20:08:18.474330,success
48947db238bd0bdd9c10507d624e35409031c228fc56cca94cdf966bf9c2a3f4,sha256,malwarebazaar,2025-10-19 20:08:27,27,35,malware,elf;spreader;upx;detect-debug-environment,2025-10-19T20:08:27.381502,success
0f9a92bc4141c8714e2e755686835a58b0614d358df94870cf6a8fa555129149,sha256,malwarebazaar,2025-10-19 20:08:36,26,34,malware,peexe;spreader;64bits,2025-10-19T20:08:36.189746,success
59cf8092c4041feb9527edb9786a5a77dc261b448ee25bcc9d1dc2f3bbe7a88f,sha256,malwarebazaar,2025-10-19 20:15:55,34,44,malware,assembly;peexe,2025-10-19T20:15:55.410454,success
ada3af84801eb7e4a28b6e1371b963e820fafc35bd6b7bd15a9a08180cbc17c5,sha256,malwarebazaar,2025-10-19 20:16:13,1,1,unknown,bat,2025-10-19T20:16:13.157457,success
5f2c2f0184a86cc41a609ab925f23f8510d7b4dd1c20bf3e8c462d018ecba254,sha256,malwarebazaar,2025-10-19 20:16:22,29,38,malware,upx;elf,2025-10-19T20:16:22.407027,success
86eace1f97509aa57619730a8d37435107c96936c14af98e6ee37d53bc19cff2,sha256,malwarebazaar,2025-10-19 20:16:31,37,48,malware,shell;detect-debug-environment;service-scan;checks-hostname,2025-10-19T20:16:31.226411,success
7e88aa9efe4d5681438a89eb565bc46fb58362fd476808a482cb2eecc196db22,sha256,malwarebazaar,2025-10-19 20:16:39,32,42,malware,elf;arm;detect-debug-environment,2025-10-19T20:16:39.986907,success
3982c64511b911405acecea0dc2a3cb57826501357854bce000f37df2e32bea0,sha256,malwarebazaar,2025-10-19 20:16:48,26,34,malware,elf;upx;arm;detect-debug-environment,2025-10-19T20:16:48.756326,success
4f06930a4e59b2af3fdf870cfb1f1d834b9e4d69a5db23951d5f90c195664cdf,sha256,malwarebazaar,2025-10-19 20:17:06,35,46,malware,elf;arm;detect-debug-environment,2025-10-19T20:17:06.458657,success
1e0f1c9d296ecde3c86affdba0ca9b5607c1156c53f876f03962bc508750571e,sha256,malwarebazaar,2025-10-19 20:17:15,19,25,malware,elf;arm;upx;detect-debug-environment,2025-10-19T20:17:15.236610,success
c7198a1ce3118fe9b37289f12f5e74ca45fd4af5a9f0088aeed1c85124313522,sha256,malwarebazaar,2025-10-19 20:17:32,34,44,malware,elf,2025-10-19T20:17:32.686056,success
f724354019be79c202e6ca22e8f15c7bec16f3f1a730d0f7563e9d523a69c72d,sha256,malwarebazaar,2025-10-19 20:17:41,25,32,malware,elf;upx,2025-10-19T20:17:41.422835,success
117860228d073394ca034c9bbe95026a5dc34e5363099e0b5b14e839a78f3a53,sha256,malwarebazaar,2025-10-19 20:17:50,33,43,malware,elf,2025-10-19T20:17:50.168082,success
395f8e72d1d855ec46b686f98922bf56b3c5d93db8076e3cfbc4d96c719d28b4,sha256,malwarebazaar,2025-10-19 20:17:59,34,44,malware,elf,2025-10-19T20:17:59.221304,success
8fb0cb3397fd345f1c0d4406d6e07acce51ea58d3037cc58c1d86204e897e0a5,sha256,malwarebazaar,2025-10-19 20:25:10,23,30,malware,peexe;64bits;overlay,2025-10-19T20:25:10.027404,success
a868ca5bec94f2c42851d45ee2a5b9b50ba2eb5875741577e0e137bb29ad14e5,sha256,malwarebazaar,2025-10-19 20:25:18,9,11,suspicious,vba,2025-10-19T20:25:18.759655,success
1d7dd774e6c5e24127d3df0a49f19ebcc604289541877582c06fac0f771299fb,sha256,malwarebazaar,2025-10-19 21:03:07,25,32,malware,elf,2025-10-19T21:03:07.079310,success
0e67b34b313b09ded8cb3d6a57b31d0c196192fd99ee1c272d233dff6ea33be6,sha256,malwarebazaar,2025-10-19 21:03:24,22,28,malware,elf;arm;detect-debug-environment,2025-10-19T21:03:24.591557,success
148a066d2a78a836ff1f459c5fffd0c97fce466b6fc5e1275298dff0bc300c28,sha256,malwarebazaar,2025-10-19 21:04:00,19,25,malware,64bits;elf;arm,2025-10-19T21:04:00.998796,success
2800c66be41d09bf18bab77ab76772a2d620094592e6315a6be7994d32f18175,sha256,malwarebazaar,2025-10-19 21:04:27,0,0,unknown,,2025-10-19T21:04:27.131378,success
89aa38f3f5394b5db78ac6e69510807ae3a75390ea5e11a7cb598c7b930baa05,sha256,malwarebazaar,2025-10-19 21:11:57,16,21,malware,arm;elf;upx;detect-debug-environment,2025-10-19T21:11:57.538509,success
ce6aa7d53b98f94b76f5ab6329fe22830bd8a0efe04d6a1a0b44ced538fea142,sha256,malwarebazaar,2025-10-19 21:12:06,32,42,malware,elf;corrupted,2025-10-19T21:12:06.792475,success
726e146adfb3e586d81035be5d064dee0eaf37d5f0420926ccf6fa5113d6c8bd,sha256,malwarebazaar,2025-10-19 21:12:24,27,35,malware,elf;spreader;detect-debug-environment;upx,2025-10-19T21:12:24.386843,success
f4b68be66dba8049c12aecc82c90942add630480f85acfb7279af78a94996f4c,sha256,malwarebazaar,2025-10-19 21:12:33,33,43,malware,elf,2025-10-19T21:12:33.356806,success
54cb0d4f024bd266941b87af53e0f56bbaa2526a6efa2ec2371a77db52b1dd62,sha256,malwarebazaar,2025-10-19 21:12:42,5,6,suspicious,peexe;64bits,2025-10-19T21:12:42.088787,success
94553de9ea925bbc7a6e4b753f212a78b92c8806ed6cfb0b9b4d3e6de1c519ce,sha256,malwarebazaar,2025-10-19 21:12:50,16,21,malware,64bits;overlay;peexe,2025-10-19T21:12:50.995882,success
b98f83dda492926c056af305a984ae16d328d794aaa03c40f88a61d687728a65,sha256,malwarebazaar,2025-10-19 21:13:00,5,6,suspicious,peexe;64bits;idle,2025-10-19T21:13:00.500358,success
37565b55aafaf0e15de3bbc9ee91d4c3f42f86d569c41048c92f5dc380d11e77,sha256,malwarebazaar,2025-10-19 21:13:09,1,1,unknown,text,2025-10-19T21:13:09.260621,success
45ef6e4f80f8619585cb239d12cc89dddff3cc158600fdf33fc4834b1f8b49a6,sha256,malwarebazaar,2025-10-19 21:13:17,1,1,unknown,text,2025-10-19T21:13:17.992216,success
1c66ad71b16931d7d2d5c4f86fd5abc1dc07afbc32e112e29ba424a8f302d5f6,sha256,malwarebazaar,2025-10-19 21:13:26,10,13,malware,bat,2025-10-19T21:13:26.840641,success
68c553786094522830920122539df1d3a8f04caf880d84415728ffac780a4c84,sha256,malwarebazaar,2025-10-19 21:13:35,0,0,unknown,bat;detect-debug-environment;long-sleeps,2025-10-19T21:13:35.761203,success
c9a7b6ca41669912d5300c9a2a3f9c8323c5fa6058573589799ee2f3bc37d73d,sha256,malwarebazaar,2025-10-19 21:13:44,0,0,unknown,peexe;overlay;64bits,2025-10-19T21:13:44.560312,success
7766dc41f6872a49f74672856eff69b19c0995feb0a3328a65f23b7a4e912de6,sha256,malwarebazaar,2025-10-19 21:22:09,27,35,malware,arm;elf,2025-10-19T21:22:09.453479,success
8630de0b2c09c48045d7cb71e74adf58b2c41c0a3fa7f9350adec182047e76eb,sha256,malwarebazaar,2025-10-19 21:23:11,16,21,malware,elf;corrupted,2025-10-19T21:23:11.590763,success
a63777278c0222f00c6514a66bb680442ff4c3269dd3edf86d61f1c13e1951fb,sha256,malwarebazaar,2025-10-19 21:31:33,25,32,malware,elf;arm,2025-10-19T21:31:33.329445,success
a0624f1da5b028b0edf96e3152d5f45a28e52e95b2e1c251429e819cba823e87,sha256,malwarebazaar,2025-10-19 21:31:42,14,18,malware,elf,2025-10-19T21:31:42.309720,success
0c323dd2b813c62f02d90e91b3f1ad3ed9dea6d9f11ea692c719b60a86ef370f,sha256,malwarebazaar,2025-10-19 21:33:01,14,18,malware,elf,2025-10-19T21:33:01.055511,success
94fa3ef5e8d5c216b11f1344a61d614b9b970e9e9023fac771a1bb0fe0501cd0,sha256,malwarebazaar,2025-10-19 21:42:06,57,75,malware,64bits;spreader;pedll,2025-10-19T21:42:06.348886,success
8b4406d5a99a3a5fba3bf238c120671eb3378f93698031c43f329b359e95ff79,sha256,malwarebazaar,2025-10-19 21:42:15,59,77,malware,pedll;spreader,2025-10-19T21:42:15.350763,success
88b848e1fb47505569d4b87b0c6ebfccc567fe0251d66d760d3f4b85fa1cd779,sha256,malwarebazaar,2025-10-19 21:42:24,59,77,malware,pedll;spreader,2025-10-19T21:42:24.109399,success
d8b2e404bea7fea43a3ee579a2b4f823bb5da27a584cfa5b2a57e72527c6c15c,sha256,malwarebazaar,2025-10-19 21:51:29,55,72,malware,spreader;pedll;64bits,2025-10-19T21:51:29.721111,success
311a8539d186ec9c1ebf3f006d5459c70dc41678c49e0b3db023b16700cae3bf,sha256,malwarebazaar,2025-10-19 21:51:38,58,76,malware,pedll;spreader,2025-10-19T21:51:38.506581,success
55175d4abf013370017879e99fb85f1fcfc9edb7627c74b82eb8ba492f0c50d6,sha256,malwarebazaar,2025-10-19 21:51:47,36,47,malware,spreader;arm;detect-debug-environment;elf,2025-10-19T21:51:47.380987,success
5373ad48b44d96182359fa301769a85fa0d920a25a4e278e9ca9d628fcbfb6b7,sha256,malwarebazaar,2025-10-19 22:00:51,39,51,malware,checks-hostname;detect-debug-environment;shell;sets-process-name,2025-10-19T22:00:51.518239,success
9988cbf2a04d6627e1c2fbfb90f16e121192dfbd5343719f2ad5b16d58bda737,sha256,malwarebazaar,2025-10-19 22:01:00,39,51,malware,elf;sets-process-name;detect-debug-environment;spreader;arm,2025-10-19T22:01:00.401060,success
fa40eb73c96f983210bc488bb291e0fa1eb551b5577aa5db53ea8058aba814d7,sha256,malwarebazaar,2025-10-19 22:01:09,38,50,malware,spreader;elf,2025-10-19T22:01:09.175934,success
6cd6860ff73d34e3bd6e1a0f2c14511618d1d079c72ba7c1bdc0ea46dfb399af,sha256,malwarebazaar,2025-10-19 22:08:22,35,46,malware,elf;arm;detect-debug-environment,2025-10-19T22:08:22.867571,success
07084e051caa2be13ba83885b796624fa406d3e0bfc67bc2b0cf1a89a76505d7,sha256,malwarebazaar,2025-10-19 22:08:31,27,35,malware,elf;upx;detect-debug-environment;arm,2025-10-19T22:08:31.603267,success
b06536dcc200ca268ec79fd8b4b57c779a8b5e4a223a39497ca4fc6d77ab20c5,sha256,malwarebazaar,2025-10-19 22:08:40,25,32,malware,detect-debug-environment;upx;64bits;elf,2025-10-19T22:08:40.370591,success
e6f058e5fa0e769a8d00369e19d17c3ae2c36dcd697bebd701279438687f386d,sha256,malwarebazaar,2025-10-19 22:08:49,15,19,malware,pedll;detect-debug-environment;64bits;long-sleeps,2025-10-19T22:08:49.396444,success
56a1160968203db45cfa87d4d87d591a71de6ea3e0170afaef9e932d0acbe1c1,sha256,malwarebazaar,2025-10-19 22:08:58,35,46,malware,arm;elf;detect-debug-environment,2025-10-19T22:08:58.135174,success
